gene,cdna,disease,study_source,case_count,sample_count,classification
ACTC1,c.301G>A,HCM,LMM,4,2650,Pathogenic
ACTN2,c.2386C>T,HCM,LMM,1,632,VUS favour pathogenic
CSRP3,c.131T>C,HCM,LMM,1,632,VUS favour pathogenic
GLA,c.644A>G,HCM,LMM,3,2165,Pathogenic
GLA,c.352C>T,HCM,LMM,1,2165,VUS favour pathogenic
GLA,c.427G>A,HCM,LMM,2,2165,Pathogenic
GLA,c.1066C>T,HCM,LMM,1,2165,Pathogenic
GLA,c.1117G>A,HCM,LMM,1,2165,Likely Pathogenic
GLA,c.613C>A,HCM,LMM,1,2165,Pathogenic
GLA,c.639+919G>A,HCM,LMM,1,2165,Pathogenic
GLA,c.729G>C,HCM,LMM,1,2165,VUS favour pathogenic
LAMP2,c.928G>A,HCM,LMM,2,2451,Pathogenic
LAMP2,c.929-1G>A,HCM,LMM,1,2451,Likely Pathogenic
LAMP2,c.183+1G>A,HCM,LMM,1,2451,Likely Pathogenic
MYBPC3,c.2308G>A,HCM,LMM,6,2912,Likely Pathogenic
MYBPC3,c.2459G>A,HCM,LMM,1,2912,Likely Pathogenic
MYBPC3,c.3373G>A,HCM,LMM,1,2912,VUS favour pathogenic
MYBPC3,c.1624G>C,HCM,LMM,17,2912,Likely Pathogenic
MYBPC3,c.2308+1G>A,HCM,LMM,1,2912,Pathogenic
MYBPC3,c.3190+1G>A,HCM,LMM,3,2912,Pathogenic
MYBPC3,c.3190+5G>A,HCM,LMM,3,2912,Pathogenic
MYBPC3,c.3330+5G>C,HCM,LMM,10,2912,Pathogenic
MYBPC3,c.1928-2A>G,HCM,LMM,20,2912,Pathogenic
MYBPC3,c.821+5G>A,HCM,LMM,2,2912,Likely Pathogenic
MYBPC3,c.2534_2538delGCGTC,HCM,LMM,1,2912,Pathogenic
MYBPC3,c.2833_2834delCG,HCM,LMM,1,2912,Pathogenic
MYBPC3,c.2905C>T,HCM,LMM,3,2912,Pathogenic
MYBPC3,c.2308+1G>T,HCM,LMM,1,2912,Pathogenic
MYBPC3,c.1483C>G,HCM,LMM,4,2912,Likely Pathogenic
MYBPC3,c.1505G>A,HCM,LMM,6,2912,Pathogenic
MYBPC3,c.2096delC,HCM,LMM,4,2912,Pathogenic
MYBPC3,c.2373_2374insG,HCM,LMM,26,2912,Pathogenic
MYBPC3,c.2864_2865delCT,HCM,LMM,6,2912,Pathogenic
MYBPC3,c.3627+1G>A,HCM,LMM,2,2912,Pathogenic
MYBPC3,c.772G>A,HCM,LMM,21,2912,Pathogenic
MYBPC3,c.821+1G>A,HCM,LMM,4,2912,Pathogenic
MYBPC3,c.927-2A>G,HCM,LMM,2,2912,Pathogenic
MYBPC3,c.1484G>A,HCM,LMM,10,2912,VUS favour pathogenic
MYBPC3,c.3286G>T,HCM,LMM,1,2912,Pathogenic
MYBPC3,c.1168delC,HCM,LMM,1,2912,Pathogenic
MYBPC3,c.2905+1G>A,HCM,LMM,4,2912,Pathogenic
MYBPC3,c.844C>T,HCM,LMM,1,2912,VUS favour pathogenic
MYBPC3,c.1273C>T,HCM,LMM,1,2912,Pathogenic
MYBPC3,c.1227-13G>A,HCM,LMM,2,2912,Pathogenic
MYBPC3,c.2441_2443delAGA,HCM,LMM,2,2912,VUS favour pathogenic
MYBPC3,c.1800delA,HCM,LMM,1,2912,Pathogenic
MYBPC3,c.2048G>A,HCM,LMM,1,2912,Pathogenic
MYBPC3,c.1624+2T>C,HCM,LMM,1,2912,Pathogenic
MYBPC3,c.1357_1358delCC,HCM,LMM,2,2912,Pathogenic
MYBPC3,c.1693A>T,HCM,LMM,1,2912,Pathogenic
MYBPC3,c.2003G>A,HCM,LMM,1,2912,VUS favour pathogenic
MYBPC3,c.2429G>A,HCM,LMM,8,2912,VUS favour pathogenic
MYBPC3,c.1813G>A,HCM,LMM,3,2912,VUS favour pathogenic
MYBPC3,c.2374T>C,HCM,LMM,5,2912,Likely Pathogenic
MYBPC3,c.655G>C,HCM,LMM,8,2912,Likely Pathogenic
MYBPC3,c.2309-2A>G,HCM,LMM,9,2912,Pathogenic
MYBPC3,c.2558delG,HCM,LMM,2,2912,Pathogenic
MYBPC3,c.26-2A>G,HCM,LMM,4,2912,Pathogenic
MYBPC3,c.2670G>A,HCM,LMM,7,2912,Pathogenic
MYBPC3,c.2827C>T,HCM,LMM,7,2912,Pathogenic
MYBPC3,c.2993A>G,HCM,LMM,1,2912,VUS favour pathogenic
MYBPC3,c.1038_1042dupCGGCA,HCM,LMM,1,2912,Pathogenic
MYBPC3,c.1624+4A>T,HCM,LMM,9,2912,Likely Pathogenic
MYBPC3,c.1504C>T,HCM,LMM,45,2912,Pathogenic
MYBPC3,c.3065G>C,HCM,LMM,1,2912,VUS favour pathogenic
MYBPC3,c.1513_1515delAAG,HCM,LMM,2,2912,VUS favour pathogenic
MYBPC3,c.3288delG,HCM,LMM,1,2912,Pathogenic
MYBPC3,c.3697C>T,HCM,LMM,9,2912,Pathogenic
MYBPC3,c.1591G>A,HCM,LMM,3,2912,VUS favour pathogenic
MYBPC3,c.1591G>C,HCM,LMM,1,2912,VUS favour pathogenic
MYBPC3,c.1000G>A,HCM,LMM,1,2912,VUS favour pathogenic
MYBPC3,c.3330+2T>G,HCM,LMM,11,2912,Pathogenic
MYBPC3,c.932C>A,HCM,LMM,1,2912,Pathogenic
MYBPC3,c.710A>C,HCM,LMM,3,2912,Likely Pathogenic
MYBPC3,c.2573G>A,HCM,LMM,4,2912,VUS favour pathogenic
MYBPC3,c.3811C>T,HCM,LMM,1,2912,Pathogenic
MYBPC3,c.913_914delTT,HCM,LMM,5,2912,Pathogenic
MYBPC3,c.636C>G,HCM,LMM,2,2912,VUS favour pathogenic
MYBPC3,c.1483C>T,HCM,LMM,2,2912,VUS favour pathogenic
MYBPC3,c.532G>A,HCM,LMM,2,2912,VUS favour pathogenic
MYBPC3,c.3776delA,HCM,LMM,1,2912,Pathogenic
MYBPC3,c.442G>A,HCM,LMM,7,2912,VUS favour pathogenic
MYBPC3,c.927-9G>A,HCM,LMM,25,2912,Likely Pathogenic
MYBPC3,c.655-1G>A,HCM,LMM,1,2912,Pathogenic
MYBPC3,c.505+5G>C,HCM,LMM,1,2912,Pathogenic
MYBPC3,c.1575T>G,HCM,LMM,1,2912,Pathogenic
MYBPC3,c.1456T>G,HCM,LMM,1,2912,Likely Pathogenic
MYBPC3,c.1790G>A,HCM,LMM,2,2912,VUS favour pathogenic
MYBPC3,c.1343T>C,HCM,LMM,1,2912,Likely Pathogenic
MYBPC3,c.2671C>T,HCM,LMM,1,2912,Likely Pathogenic
MYBPC3,c.3735delC,HCM,LMM,1,2912,Likely Pathogenic
MYBPC3,c.3797G>A,HCM,LMM,1,2912,Likely Pathogenic
MYBPC3,c.1090+1G>A,HCM,LMM,1,2912,Pathogenic
MYBPC3,c.1090+1G>T,HCM,LMM,1,2912,Pathogenic
MYBPC3,c.1156G>T,HCM,LMM,1,2912,Pathogenic
MYBPC3,c.1210C>T,HCM,LMM,2,2912,Pathogenic
MYBPC3,c.1213A>G,HCM,LMM,1,2912,Pathogenic
MYBPC3,c.1224-2A>G,HCM,LMM,1,2912,Pathogenic
MYBPC3,c.1351+1G>A,HCM,LMM,1,2912,Pathogenic
MYBPC3,c.1628delA,HCM,LMM,1,2912,Pathogenic
MYBPC3,c.1869C>A,HCM,LMM,2,2912,Pathogenic
MYBPC3,c.1892delT,HCM,LMM,1,2912,Pathogenic
MYBPC3,c.1924C>T,HCM,LMM,1,2912,Pathogenic
MYBPC3,c.2454G>A,HCM,LMM,4,2912,Pathogenic
MYBPC3,c.2490_2491insT,HCM,LMM,1,2912,Pathogenic
MYBPC3,c.2780_2781delCA,HCM,LMM,1,2912,Pathogenic
MYBPC3,c.2943_2947delGACCA,HCM,LMM,2,2912,Pathogenic
MYBPC3,c.3190+2T>G,HCM,LMM,2,2912,Pathogenic
MYBPC3,c.3226_3227insT,HCM,LMM,6,2912,Pathogenic
MYBPC3,c.3233G>A,HCM,LMM,3,2912,Pathogenic
MYBPC3,c.3335G>A,HCM,LMM,1,2912,Pathogenic
MYBPC3,c.3408C>A,HCM,LMM,1,2912,Pathogenic
MYBPC3,c.3476_3477delTT,HCM,LMM,1,2912,Pathogenic
MYBPC3,c.3600_3609delCTGCTGTGCT,HCM,LMM,0,2912,Pathogenic
MYBPC3,c.3624delC,HCM,LMM,2,2912,Pathogenic
MYBPC3,c.3753T>G,HCM,LMM,1,2912,Pathogenic
MYBPC3,c.459delC,HCM,LMM,1,2912,Pathogenic
MYBPC3,c.1021G>A,HCM,LMM,1,2912,VUS favour pathogenic
MYBPC3,c.1778C>T,HCM,LMM,1,2912,VUS favour pathogenic
MYBPC3,c.223G>A,HCM,LMM,1,2912,VUS favour pathogenic
MYBPC3,c.2450G>A,HCM,LMM,3,2912,VUS favour pathogenic
MYBPC3,c.2684G>A,HCM,LMM,1,2912,VUS favour pathogenic
MYBPC3,c.3064C>T,HCM,LMM,4,2912,VUS favour pathogenic
MYBPC3,c.3763G>A,HCM,LMM,1,2912,VUS favour pathogenic
MYBPC3,c.481C>A,HCM,LMM,1,2912,VUS favour pathogenic
MYBPC3,c.624G>C,HCM,LMM,3,2912,VUS favour pathogenic
MYBPC3,c.3181C>T,HCM,LMM,1,2912,Pathogenic
MYH7,c.3133C>T,HCM,LMM,3,2912,VUS favour pathogenic
MYH7,c.49C>T,HCM,LMM,2,2912,Likely Pathogenic
MYH7,c.2890G>C,HCM,LMM,5,2912,VUS favour pathogenic
MYH7,c.2609G>A,HCM,LMM,3,2912,Pathogenic
MYH7,c.2389G>A,HCM,LMM,12,2912,Pathogenic
MYH7,c.1207C>T,HCM,LMM,4,2912,Pathogenic
MYH7,c.746G>A,HCM,LMM,1,2912,Pathogenic
MYH7,c.5704G>C,HCM,LMM,1,2912,VUS favour pathogenic
MYH7,c.4258C>T,HCM,LMM,1,2912,VUS favour pathogenic
MYH7,c.2156G>A,HCM,LMM,11,2912,Pathogenic
MYH7,c.2146G>A,HCM,LMM,7,2912,Pathogenic
MYH7,c.2155C>T,HCM,LMM,5,2912,Pathogenic
MYH7,c.2221G>C,HCM,LMM,1,2912,Pathogenic
MYH7,c.2722C>G,HCM,LMM,16,2912,Pathogenic
MYH7,c.2167C>T,HCM,LMM,9,2912,Pathogenic
MYH7,c.2845G>A,HCM,LMM,1,2912,Likely Pathogenic
MYH7,c.2770G>A,HCM,LMM,4,2912,Pathogenic
MYH7,c.1816G>A,HCM,LMM,9,2912,Pathogenic
MYH7,c.1750G>C,HCM,LMM,22,2912,Likely Pathogenic
MYH7,c.1357C>T,HCM,LMM,13,2912,Pathogenic
MYH7,c.1208G>A,HCM,LMM,11,2912,Pathogenic
MYH7,c.2221G>A,HCM,LMM,3,2912,Pathogenic
MYH7,c.2788G>A,HCM,LMM,3,2912,Pathogenic
MYH7,c.2221G>T,HCM,LMM,5,2912,Pathogenic
MYH7,c.788T>C,HCM,LMM,3,2912,Likely Pathogenic
MYH7,c.2791_2793delGAG,HCM,LMM,1,2912,Pathogenic
MYH7,c.2539A>G,HCM,LMM,4,2912,Likely Pathogenic
MYH7,c.2080C>T,HCM,LMM,1,2912,Likely Pathogenic
MYH7,c.427C>T,HCM,LMM,1,2912,VUS favour pathogenic
MYH7,c.1988G>A,HCM,LMM,20,2912,Pathogenic
MYH7,c.2606G>A,HCM,LMM,1,2912,VUS favour pathogenic
MYH7,c.2207T>C,HCM,LMM,5,2912,Likely Pathogenic
MYH7,c.2167C>G,HCM,LMM,1,2912,Pathogenic
MYH7,c.4135G>A,HCM,LMM,2,2912,Pathogenic
MYH7,c.5326A>G,HCM,LMM,2,2912,VUS favour pathogenic
MYH7,c.1357C>A,HCM,LMM,1,2912,Likely Pathogenic
MYH7,c.2011C>T,HCM,LMM,1,2912,Likely Pathogenic
MYH7,c.2198G>A,HCM,LMM,2,2912,Likely Pathogenic
MYH7,c.2302G>A,HCM,LMM,4,2912,Likely Pathogenic
MYH7,c.4145G>A,HCM,LMM,2,2912,Likely Pathogenic
MYH7,c.1063G>A,HCM,LMM,3,2912,VUS favour pathogenic
MYH7,c.1283C>T,HCM,LMM,2,2912,VUS favour pathogenic
MYH7,c.2555T>C,HCM,LMM,1,2912,VUS favour pathogenic
MYH7,c.1436A>G,HCM,LMM,1,2912,Likely Pathogenic
MYH7,c.2287G>A,HCM,LMM,3,2912,Likely Pathogenic
MYH7,c.1499A>C,HCM,LMM,1,2912,VUS favour pathogenic
MYH7,c.2644C>G,HCM,LMM,1,2912,VUS favour pathogenic
MYH7,c.619A>C,HCM,LMM,1,2912,VUS favour pathogenic
MYH7,c.1549C>A,HCM,LMM,1,2912,VUS favour pathogenic
MYH7,c.1318G>A,HCM,LMM,2,2912,Likely Pathogenic
MYH7,c.2539_2541delAAG,HCM,LMM,3,2912,Likely Pathogenic
MYH7,c.2681A>G,HCM,LMM,4,2912,Likely Pathogenic
MYH7,c.4066G>A,HCM,LMM,1,2912,Likely Pathogenic
MYH7,c.2572C>T,HCM,LMM,1,2912,VUS favour pathogenic
MYH7,c.3169G>A,HCM,LMM,2,2912,VUS favour pathogenic
MYH7,c.4130C>T,HCM,LMM,7,2912,VUS favour pathogenic
MYH7,c.4259G>A,HCM,LMM,1,2912,VUS favour pathogenic
MYH7,c.4377G>T,HCM,LMM,4,2912,VUS favour pathogenic
MYH7,c.5561C>T,HCM,LMM,1,2912,VUS favour pathogenic
MYH7,c.5135G>A,HCM,LMM,8,2912,Likely Pathogenic
MYH7,c.2717A>G,HCM,LMM,4,2912,Pathogenic
MYH7,c.3158G>A,HCM,LMM,1,2912,Likely Pathogenic
MYH7,c.1987C>T,HCM,LMM,8,2912,Likely Pathogenic
MYH7,c.428G>A,HCM,LMM,5,2912,Likely Pathogenic
MYH7,c.1727A>G,HCM,LMM,2,2912,Likely Pathogenic
MYH7,c.2782G>A,HCM,LMM,1,2912,Likely Pathogenic
MYH7,c.2779G>A,HCM,LMM,3,2912,VUS favour pathogenic
MYH7,c.1491G>T,HCM,LMM,5,2912,Likely Pathogenic
MYH7,c.2788G>C,HCM,LMM,2,2912,Likely Pathogenic
MYH7,c.5342G>A,HCM,LMM,2,2912,Likely Pathogenic
MYH7,c.1324C>T,HCM,LMM,1,2912,Pathogenic
MYH7,c.715G>A,HCM,LMM,4,2912,Likely Pathogenic
MYH7,c.3346G>A,HCM,LMM,1,2912,Likely Pathogenic
MYH7,c.438G>T,HCM,LMM,1,2912,Likely Pathogenic
MYH7,c.2246T>A,HCM,LMM,1,2912,Likely Pathogenic
MYH7,c.739T>C,HCM,LMM,1,2912,Likely Pathogenic
MYH7,c.505A>G,HCM,LMM,1,2912,Likely Pathogenic
MYH7,c.3134G>T,HCM,LMM,2,2912,Likely Pathogenic
MYH7,c.1358G>A,HCM,LMM,2,2912,Likely Pathogenic
MYH7,c.1370T>C,HCM,LMM,3,2912,Likely Pathogenic
MYH7,c.727C>T,HCM,LMM,1,2912,VUS favour pathogenic
MYH7,c.2546T>C,HCM,LMM,1,2912,Likely Pathogenic
MYH7,c.2129C>A,HCM,LMM,1,2912,Likely Pathogenic
MYH7,c.799C>G,HCM,LMM,1,2912,Likely Pathogenic
MYH7,c.1012G>A,HCM,LMM,2,2912,Likely Pathogenic
MYH7,c.1157A>G,HCM,LMM,1,2912,Likely Pathogenic
MYH7,c.2602G>C,HCM,LMM,1,2912,Likely Pathogenic
MYH7,c.2708A>G,HCM,LMM,1,2912,Likely Pathogenic
MYH7,c.4283T>C,HCM,LMM,1,2912,Likely Pathogenic
MYH7,c.4816C>T,HCM,LMM,1,2912,Likely Pathogenic
MYH7,c.5287G>A,HCM,LMM,2,2912,Likely Pathogenic
MYH7,c.596C>T,HCM,LMM,2,2912,Likely Pathogenic
MYH7,c.872C>T,HCM,LMM,2,2912,Likely Pathogenic
MYH7,c.968T>A,HCM,LMM,1,2912,Likely Pathogenic
MYH7,c.1315A>T,HCM,LMM,1,2912,VUS favour pathogenic
MYH7,c.1405G>A,HCM,LMM,1,2912,VUS favour pathogenic
MYH7,c.2846A>T,HCM,LMM,1,2912,VUS favour pathogenic
MYH7,c.28G>C,HCM,LMM,2,2912,VUS favour pathogenic
MYH7,c.3994G>A,HCM,LMM,2,2912,VUS favour pathogenic
MYH7,c.5192A>T,HCM,LMM,1,2912,VUS favour pathogenic
MYH7,c.2123G>C,HCM,LMM,1,2912,Pathogenic
MYH7,c.343T>C,HCM,LMM,1,2912,Pathogenic
MYH7,c.5341C>T,HCM,LMM,1,2912,Pathogenic
MYL2,c.401A>C,HCM,LMM,5,2650,Likely Pathogenic
MYL2,c.173G>A,HCM,LMM,5,2650,Pathogenic
MYL2,c.64G>A,HCM,LMM,2,2650,Likely Pathogenic
MYL2,c.170G>A,HCM,LMM,2,2650,Likely Pathogenic
MYL2,c.193G>A,HCM,LMM,1,2650,Likely Pathogenic
MYL2,c.482A>G,HCM,LMM,1,2650,Likely Pathogenic
MYL2,c.184A>T,HCM,LMM,1,2650,VUS favour pathogenic
MYL3,c.461G>A,HCM,LMM,2,2650,VUS favour pathogenic
MYL3,c.170C>G,HCM,LMM,2,2650,Likely Pathogenic
MYL3,c.170C>A,HCM,LMM,1,2650,VUS favour pathogenic
MYL3,c.517A>G,HCM,LMM,2,2650,VUS favour pathogenic
MYL3,c.281G>A,HCM,LMM,4,2650,Likely Pathogenic
MYL3,c.460C>T,HCM,LMM,2,2650,VUS favour pathogenic
PLN,c.116T>G,HCM,LMM,1,632,Pathogenic
PRKAG2,c.1592G>A,HCM,LMM,4,2438,Pathogenic
PRKAG2,c.905G>A,HCM,LMM,3,2438,Pathogenic
PRKAG2,c.1516G>C,HCM,LMM,1,2438,Likely Pathogenic
TNNI3,c.575G>A,HCM,LMM,2,2912,Likely Pathogenic
TNNI3,c.586G>A,HCM,LMM,2,2912,VUS favour pathogenic
TNNI3,c.433C>G,HCM,LMM,1,2912,Pathogenic
TNNI3,c.433C>T,HCM,LMM,3,2912,Pathogenic
TNNI3,c.434G>A,HCM,LMM,4,2912,Likely Pathogenic
TNNI3,c.485G>C,HCM,LMM,1,2912,Likely Pathogenic
TNNI3,c.611G>A,HCM,LMM,3,2912,Likely Pathogenic
TNNI3,c.557G>A,HCM,LMM,3,2912,Pathogenic
TNNI3,c.422G>A,HCM,LMM,5,2912,Likely Pathogenic
TNNI3,c.497C>T,HCM,LMM,1,2912,VUS favour pathogenic
TNNI3,c.470C>T,HCM,LMM,8,2912,Pathogenic
TNNI3,c.485G>A,HCM,LMM,8,2912,Likely Pathogenic
TNNI3,c.509G>A,HCM,LMM,2,2912,Pathogenic
TNNI3,c.610C>T,HCM,LMM,2,2912,VUS favour pathogenic
TNNI3,c.532_534delAAG,HCM,LMM,1,2912,Pathogenic
TNNI3,c.602T>C,HCM,LMM,1,2912,Likely Pathogenic
TNNI3,c.592C>G,HCM,LMM,1,2912,VUS favour pathogenic
TNNI3,c.167T>C,HCM,LMM,1,2912,VUS favour pathogenic
TNNI3,c.431T>C,HCM,LMM,1,2912,Pathogenic
TNNT2,c.421C>T,HCM,LMM,1,2912,Pathogenic
TNNT2,c.857G>A,HCM,LMM,3,2912,VUS favour pathogenic
TNNT2,c.832C>T,HCM,LMM,16,2912,VUS favour pathogenic
TNNT2,c.236T>A,HCM,LMM,2,2912,Pathogenic
TNNT2,c.311C>T,HCM,LMM,1,2912,VUS favour pathogenic
TNNT2,c.275G>A,HCM,LMM,3,2912,Pathogenic
TNNT2,c.281G>T,HCM,LMM,1,2912,Pathogenic
TNNT2,c.536C>T,HCM,LMM,2,2912,Likely Pathogenic
TNNT2,c.274C>T,HCM,LMM,3,2912,Pathogenic
TNNT2,c.487_489delGAG,HCM,LMM,9,2912,Pathogenic
TNNT2,c.856C>T,HCM,LMM,2,2912,VUS favour pathogenic
TNNT2,c.860G>A,HCM,LMM,4,2912,Pathogenic
TNNT2,c.257A>C,HCM,LMM,2,2912,Likely Pathogenic
TNNT2,c.833G>C,HCM,LMM,1,2912,VUS favour pathogenic
TNNT2,c.330T>G,HCM,LMM,1,2912,Likely Pathogenic
TNNT2,c.388C>T,HCM,LMM,2,2912,Likely Pathogenic
TNNT2,c.244G>A,HCM,LMM,1,2912,Likely Pathogenic
TNNT2,c.281G>A,HCM,LMM,4,2912,Likely Pathogenic
TNNT2,c.807C>A,HCM,LMM,1,2912,Likely Pathogenic
TNNT2,c.238C>T,HCM,LMM,1,2912,VUS favour pathogenic
TNNT2,c.571-8C>T,HCM,LMM,1,2912,VUS favour pathogenic
TPM1,c.523G>A,HCM,LMM,4,2912,Pathogenic
TPM1,c.574G>A,HCM,LMM,13,2912,Likely Pathogenic
TPM1,c.644C>T,HCM,LMM,3,2912,VUS favour pathogenic
TPM1,c.64G>A,HCM,LMM,2,2912,VUS favour pathogenic
TPM1,c.46G>C,HCM,LMM,1,2912,Likely Pathogenic
TPM1,c.835A>C,HCM,LMM,1,2912,VUS favour pathogenic
TTR,c.190T>C,HCM,LMM,1,632,VUS favour pathogenic
ACTC1,c.268C>T,HCM,LMM,1,2650,VUS
ACTC1,c.28C>A,HCM,LMM,2,2650,VUS
ACTC1,c.229A>G,HCM,LMM,1,2650,VUS
ACTN2,c.2161C>A,HCM,LMM,2,632,VUS
ACTN2,c.26A>G,HCM,LMM,2,632,VUS favour benign
ACTN2,c.1484C>T,HCM,LMM,2,632,VUS
ACTN2,c.1057C>T,HCM,LMM,1,632,VUS
ACTN2,c.1235C>T,HCM,LMM,1,632,VUS
ACTN2,c.1864G>A,HCM,LMM,1,632,Likely Benign
ACTN2,c.2147C>T,HCM,LMM,1,632,VUS favour benign
ACTN2,c.2367+5G>A,HCM,LMM,1,632,VUS
CSRP3,c.197A>G,HCM,LMM,1,632,VUS
CSRP3,c.299G>A,HCM,LMM,1,632,VUS favour benign
CSRP3,c.140C>T,HCM,LMM,1,632,VUS
CSRP3,c.191G>A,HCM,LMM,1,632,VUS
CSRP3,c.379G>A,HCM,LMM,1,632,VUS
CSRP3,c.509-3_509-2delCA,HCM,LMM,1,632,VUS favour benign
GLA,c.196G>C,HCM,LMM,1,2165,VUS
GLA,c.1153A>G,HCM,LMM,1,2165,Likely Benign
GLA,c.70T>A,HCM,LMM,1,2165,VUS
GLA,c.639+6A>C,HCM,LMM,1,2165,VUS favour benign
LAMP2,c.517G>A,HCM,LMM,1,2451,VUS favour benign
LAMP2,c.586A>T,HCM,LMM,1,2451,Likely Benign
LAMP2,c.-4G>C,HCM,LMM,1,2451,VUS
MYBPC3,c.2614G>A,HCM,LMM,1,2912,VUS
MYBPC3,c.1960C>T,HCM,LMM,1,2912,VUS favour benign
MYBPC3,c.2641G>A,HCM,LMM,1,2912,VUS
MYBPC3,c.2882C>T,HCM,LMM,2,2912,VUS
MYBPC3,c.3580G>A,HCM,LMM,1,2912,VUS
MYBPC3,c.3392T>C,HCM,LMM,3,2912,VUS favour benign
MYBPC3,c.1458-6G>A,HCM,LMM,3,2912,VUS
MYBPC3,c.13G>C,HCM,LMM,1,2912,VUS favour benign
MYBPC3,c.1468G>A,HCM,LMM,2,2912,VUS
MYBPC3,c.2197C>T,HCM,LMM,1,2912,VUS
MYBPC3,c.2873C>T,HCM,LMM,3,2912,VUS favour benign
MYBPC3,c.2312T>C,HCM,LMM,1,2912,VUS
MYBPC3,c.2234A>G,HCM,LMM,1,2912,VUS
MYBPC3,c.1766G>A,HCM,LMM,2,2912,VUS
MYBPC3,c.814C>T,HCM,LMM,2,2912,VUS
MYBPC3,c.3742G>A,HCM,LMM,1,2912,VUS
MYBPC3,c.932C>T,HCM,LMM,1,2912,VUS
MYBPC3,c.1828G>C,HCM,LMM,2,2912,VUS favour benign
MYBPC3,c.2728C>A,HCM,LMM,1,2912,VUS favour benign
MYBPC3,c.2870C>G,HCM,LMM,9,2912,VUS favour benign
MYBPC3,c.1855G>A,HCM,LMM,7,2912,Likely Benign
MYBPC3,c.961G>A,HCM,LMM,1,2912,VUS
MYBPC3,c.3535G>A,HCM,LMM,1,2912,VUS favour benign
MYBPC3,c.2269G>A,HCM,LMM,1,2912,VUS
MYBPC3,c.1786G>A,HCM,LMM,3,2912,VUS
MYBPC3,c.1286C>T,HCM,LMM,2,2912,VUS
MYBPC3,c.713G>A,HCM,LMM,1,2912,VUS
MYBPC3,c.103C>T,HCM,LMM,1,2912,VUS
MYBPC3,c.1321G>A,HCM,LMM,1,2912,VUS
MYBPC3,c.1358C>T,HCM,LMM,1,2912,VUS
MYBPC3,c.1397T>A,HCM,LMM,1,2912,VUS
MYBPC3,c.1458-7C>T,HCM,LMM,1,2912,VUS
MYBPC3,c.1540A>G,HCM,LMM,1,2912,VUS
MYBPC3,c.1672G>A,HCM,LMM,1,2912,VUS
MYBPC3,c.1814A>G,HCM,LMM,1,2912,VUS
MYBPC3,c.1828G>A,HCM,LMM,3,2912,VUS
MYBPC3,c.184A>C,HCM,LMM,1,2912,VUS favour benign
MYBPC3,c.2149-8C>G,HCM,LMM,3,2912,VUS
MYBPC3,c.2170C>T,HCM,LMM,1,2912,VUS
MYBPC3,c.2210C>T,HCM,LMM,1,2912,VUS
MYBPC3,c.2320G>A,HCM,LMM,2,2912,VUS
MYBPC3,c.25+3A>C,HCM,LMM,1,2912,VUS
MYBPC3,c.2518G>A,HCM,LMM,1,2912,VUS
MYBPC3,c.2560A>G,HCM,LMM,1,2912,VUS
MYBPC3,c.2654C>T,HCM,LMM,1,2912,VUS
MYBPC3,c.2828G>A,HCM,LMM,1,2912,VUS
MYBPC3,c.2995-5C>G,HCM,LMM,1,2912,VUS
MYBPC3,c.3049G>A,HCM,LMM,1,2912,VUS favour benign
MYBPC3,c.3083C>G,HCM,LMM,1,2912,VUS
MYBPC3,c.3098G>A,HCM,LMM,1,2912,VUS
MYBPC3,c.3277G>T,HCM,LMM,1,2912,VUS
MYBPC3,c.3362G>A,HCM,LMM,1,2912,VUS
MYBPC3,c.3384G>C,HCM,LMM,1,2912,VUS
MYBPC3,c.3472G>A,HCM,LMM,1,2912,Likely Benign
MYBPC3,c.3490+6G>A,HCM,LMM,1,2912,VUS
MYBPC3,c.3676C>T,HCM,LMM,1,2912,VUS
MYBPC3,c.373G>T,HCM,LMM,1,2912,VUS
MYBPC3,c.3746G>T,HCM,LMM,1,2912,VUS
MYBPC3,c.3791G>A,HCM,LMM,1,2912,VUS
MYBPC3,c.451G>A,HCM,LMM,1,2912,VUS
MYBPC3,c.906-7G>T,HCM,LMM,3,2912,VUS
MYBPC3,c.2557G>A,HCM,LMM,1,2912,VUS
MYBPC3,c.26-10G>A,HCM,LMM,1,2912,VUS
MYBPC3,c.2723A>G,HCM,LMM,1,2912,VUS
MYBPC3,c.2938C>T,HCM,LMM,1,2912,VUS
MYBPC3,c.3415G>A,HCM,LMM,1,2912,VUS
MYBPC3,c.643C>T,HCM,LMM,1,2912,VUS
MYBPC3,c.667G>A,HCM,LMM,1,2912,VUS
MYBPC3,c.104G>A,HCM,LMM,1,2912,VUS
MYBPC3,c.1294G>A,HCM,LMM,1,2912,VUS
MYBPC3,c.1544A>G,HCM,LMM,1,2912,VUS
MYBPC3,c.50G>A,HCM,LMM,1,2912,VUS
MYH7,c.2572C>G,HCM,LMM,1,2912,VUS
MYH7,c.2945T>C,HCM,LMM,11,2912,VUS
MYH7,c.2608C>T,HCM,LMM,2,2912,VUS
MYH7,c.115G>A,HCM,LMM,1,2912,VUS
MYH7,c.2360G>A,HCM,LMM,4,2912,VUS
MYH7,c.2725A>G,HCM,LMM,1,2912,VUS
MYH7,c.632C>T,HCM,LMM,1,2912,VUS
MYH7,c.1220G>T,HCM,LMM,1,2912,VUS
MYH7,c.4537A>T,HCM,LMM,2,2912,VUS
MYH7,c.3726+6C>T,HCM,LMM,2,2912,VUS
MYH7,c.1000-7C>T,HCM,LMM,2,2912,VUS
MYH7,c.1013T>C,HCM,LMM,1,2912,VUS
MYH7,c.1477_1478delAT,HCM,LMM,1,2912,VUS
MYH7,c.2052G>A,HCM,LMM,1,2912,VUS favour benign
MYH7,c.2206A>G,HCM,LMM,1,2912,VUS
MYH7,c.2425G>T,HCM,LMM,1,2912,VUS
MYH7,c.3236G>A,HCM,LMM,1,2912,VUS
MYH7,c.3626A>G,HCM,LMM,1,2912,VUS
MYH7,c.4078G>A,HCM,LMM,1,2912,VUS
MYH7,c.4354-7C>T,HCM,LMM,2,2912,VUS
MYH7,c.4525A>C,HCM,LMM,1,2912,VUS
MYH7,c.4540G>A,HCM,LMM,1,2912,VUS
MYH7,c.4817G>A,HCM,LMM,3,2912,VUS
MYH7,c.5020G>A,HCM,LMM,1,2912,VUS
MYH7,c.5559+4C>T,HCM,LMM,2,2912,VUS favour benign
MYH7,c.5696T>C,HCM,LMM,1,2912,VUS
MYH7,c.976G>C,HCM,LMM,1,2912,VUS
MYH7,c.161G>A,HCM,LMM,1,2912,VUS
MYH7,c.3830G>A,HCM,LMM,1,2912,VUS
MYH7,c.968T>C,HCM,LMM,1,2912,VUS
MYL2,c.459G>C,HCM,LMM,2,2650,VUS
MYL2,c.37G>A,HCM,LMM,2,2650,VUS
MYL2,c.141C>A,HCM,LMM,2,2650,VUS
MYL2,c.119G>A,HCM,LMM,1,2650,VUS
MYL2,c.374C>T,HCM,LMM,1,2650,VUS favour benign
MYL2,c.428C>T,HCM,LMM,1,2650,VUS
MYL3,c.427G>A,HCM,LMM,3,2650,VUS
MYL3,c.466G>A,HCM,LMM,2,2650,VUS
MYL3,c.187C>T,HCM,LMM,1,2650,VUS
MYL3,c.446T>C,HCM,LMM,1,2650,VUS
MYL3,c.532G>A,HCM,LMM,2,2650,VUS
NEXN,c.1366G>A,HCM,LMM,1,632,VUS
NEXN,c.1112C>T,HCM,LMM,1,632,VUS
NEXN,c.1453G>A,HCM,LMM,1,632,VUS
NEXN,c.299-3T>C,HCM,LMM,1,632,VUS
NEXN,c.392A>G,HCM,LMM,1,632,VUS
NEXN,c.613G>A,HCM,LMM,1,632,VUS
NEXN,c.893C>G,HCM,LMM,1,632,VUS favour benign
PRKAG2,c.1267C>A,HCM,LMM,1,2438,VUS
PRKAG2,c.356G>A,HCM,LMM,1,2438,VUS favour benign
PRKAG2,c.186G>T,HCM,LMM,1,2438,VUS
PRKAG2,c.425C>T,HCM,LMM,1,2438,VUS
PRKAG2,c.1508A>G,HCM,LMM,1,2438,VUS
PRKAG2,c.166G>A,HCM,LMM,1,2438,VUS
PRKAG2,c.251G>A,HCM,LMM,2,2438,VUS favour benign
PRKAG2,c.428C>T,HCM,LMM,1,2438,VUS
PRKAG2,c.1315A>G,HCM,LMM,1,2438,VUS
PRKAG2,c.1687C>T,HCM,LMM,1,2438,VUS
PRKAG2,c.206C>T,HCM,LMM,1,2438,VUS favour benign
PRKAG2,c.865G>A,HCM,LMM,1,2438,VUS
TNNI3,c.484C>T,HCM,LMM,2,2912,VUS
TNNI3,c.428C>A,HCM,LMM,3,2912,VUS
TNNI3,c.236G>T,HCM,LMM,2,2912,VUS
TNNI3,c.372+7C>T,HCM,LMM,1,2912,Likely Benign
TNNI3,c.368C>T,HCM,LMM,1,2912,VUS
TNNT2,c.247G>A,HCM,LMM,1,2912,VUS
TNNT2,c.785A>G,HCM,LMM,1,2912,VUS
TNNT2,c.106G>C,HCM,LMM,1,2912,VUS
TNNT2,c.249G>C,HCM,LMM,1,2912,VUS
TNNT2,c.283A>G,HCM,LMM,1,2912,VUS
TNNT2,c.534G>C,HCM,LMM,1,2912,VUS
TNNT2,c.571-7G>A,HCM,LMM,1,2912,VUS
TNNT2,c.652G>T,HCM,LMM,1,2912,VUS favour benign
TNNT2,c.690-7C>T,HCM,LMM,1,2912,VUS
TNNT2,c.833G>A,HCM,LMM,1,2912,VUS
TPM1,c.829G>A,HCM,LMM,2,2912,VUS favour benign
TPM1,c.842T>C,HCM,LMM,1,2912,VUS
TPM1,c.850A>G,HCM,LMM,1,2912,VUS
TPM1,c.841A>G,HCM,LMM,2,2912,VUS
TPM1,c.845C>G,HCM,LMM,1,2912,VUS
TPM1,c.252C>G,HCM,LMM,1,2912,VUS
TTR,c.385G>A,HCM,LMM,1,632,VUS
TTR,c.424G>A,HCM,LMM,8,632,VUS
TTR,c.328C>A,HCM,LMM,1,632,VUS favour benign
ACTC1,c.76G>A,HCM,LMM,1,2650,VUS favour pathogenic
ACTC1,c.793C>G,HCM,LMM,2,2650,Likely Pathogenic
ACTN2,c.1593G>A,HCM,LMM,1,632,VUS favour pathogenic
CSRP3,c.282-5_285delAACAGGTCC,HCM,LMM,1,632,VUS favour pathogenic
LAMP2,c.184-7C>G,HCM,LMM,1,2451,VUS favour pathogenic
LAMP2,c.56T>G,HCM,LMM,1,2451,VUS favour pathogenic
LAMP2,c.128_129dupAT,HCM,LMM,1,2451,Pathogenic
LAMP2,c.864+1G>T,HCM,LMM,1,2451,Pathogenic
MYBPC3,c.3330+5G>T,HCM,LMM,2,2912,Likely Pathogenic
MYBPC3,c.821+1G>C,HCM,LMM,1,2912,Pathogenic
MYBPC3,c.2905+1G>C,HCM,LMM,1,2912,Pathogenic
MYBPC3,c.2737+1G>C,HCM,LMM,1,2912,Pathogenic
MYBPC3,c.772+1G>A,HCM,LMM,2,2912,Pathogenic
MYBPC3,c.3628-41_3628-17del,HCM,LMM,16,2912,Likely Pathogenic
MYBPC3,c.3742_3759dup,HCM,LMM,4,2912,Likely Pathogenic
MYBPC3,c.1699_1700delGA,HCM,LMM,1,2912,Pathogenic
MYBPC3,c.3068_3069insA,HCM,LMM,1,2912,Pathogenic
MYBPC3,c.3192_3193insC,HCM,LMM,2,2912,Pathogenic
MYBPC3,c.1458-1G>A,HCM,LMM,1,2912,Pathogenic
MYBPC3,c.3605G>A,HCM,LMM,1,2912,Likely Pathogenic
MYBPC3,c.3825A>G,HCM,LMM,1,2912,Likely Pathogenic
MYBPC3,c.3G>C,HCM,LMM,1,2912,Likely Pathogenic
MYBPC3,c.927-10C>A,HCM,LMM,3,2912,Likely Pathogenic
MYBPC3,c.1000G>T,HCM,LMM,1,2912,Pathogenic
MYBPC3,c.1351+2T>C,HCM,LMM,1,2912,Pathogenic
MYBPC3,c.1678delG,HCM,LMM,1,2912,Pathogenic
MYBPC3,c.177_187del,HCM,LMM,1,2912,Pathogenic
MYBPC3,c.1863delC,HCM,LMM,2,2912,Pathogenic
MYBPC3,c.1895delT,HCM,LMM,2,2912,Pathogenic
MYBPC3,c.1897+1G>A,HCM,LMM,2,2912,Pathogenic
MYBPC3,c.1999_2000delinsG,HCM,LMM,1,2912,Pathogenic
MYBPC3,c.2113_2114insA,HCM,LMM,1,2912,Pathogenic
MYBPC3,c.2149-1G>A,HCM,LMM,1,2912,Pathogenic
MYBPC3,c.2182G>T,HCM,LMM,4,2912,Pathogenic
MYBPC3,c.2311_2312insG,HCM,LMM,3,2912,Pathogenic
MYBPC3,c.2394_2395insT,HCM,LMM,1,2912,Pathogenic
MYBPC3,c.2437A>T,HCM,LMM,1,2912,Pathogenic
MYBPC3,c.2524_2525insT,HCM,LMM,1,2912,Pathogenic
MYBPC3,c.2541C>A,HCM,LMM,1,2912,Pathogenic
MYBPC3,c.2556_2557delinsTCT,HCM,LMM,1,2912,Pathogenic
MYBPC3,c.2604_2605delinsA,HCM,LMM,2,2912,Pathogenic
MYBPC3,c.2737+2T>A,HCM,LMM,1,2912,Pathogenic
MYBPC3,c.2747G>A,HCM,LMM,1,2912,Pathogenic
MYBPC3,c.2875_2876delAC,HCM,LMM,1,2912,Pathogenic
MYBPC3,c.2906-2A>G,HCM,LMM,1,2912,Pathogenic
MYBPC3,c.2920C>T,HCM,LMM,3,2912,Pathogenic
MYBPC3,c.2953A>T,HCM,LMM,1,2912,Pathogenic
MYBPC3,c.2965G>T,HCM,LMM,1,2912,Pathogenic
MYBPC3,c.3040delC,HCM,LMM,1,2912,Pathogenic
MYBPC3,c.3166_3167insG,HCM,LMM,1,2912,Pathogenic
MYBPC3,c.3253G>T,HCM,LMM,1,2912,Pathogenic
MYBPC3,c.333_334insT,HCM,LMM,1,2912,Pathogenic
MYBPC3,c.3331-1G>A,HCM,LMM,1,2912,Pathogenic
MYBPC3,c.3332_3335dupAGTG,HCM,LMM,1,2912,Pathogenic
MYBPC3,c.3476_3479dupTTAT,HCM,LMM,1,2912,Pathogenic
MYBPC3,c.3491-2A>T,HCM,LMM,3,2912,Pathogenic
MYBPC3,c.3624_3625insC,HCM,LMM,2,2912,Pathogenic
MYBPC3,c.3690_3691delCA,HCM,LMM,1,2912,Pathogenic
MYBPC3,c.533delT,HCM,LMM,1,2912,Pathogenic
MYBPC3,c.551_552insT,HCM,LMM,1,2912,Pathogenic
MYBPC3,c.613C>T,HCM,LMM,1,2912,Pathogenic
MYBPC3,c.821+2T>C,HCM,LMM,1,2912,Pathogenic
MYBPC3,c.993_994insT,HCM,LMM,1,2912,Pathogenic
MYBPC3,c.999C>G,HCM,LMM,2,2912,Pathogenic
MYBPC3,c.1457+6_1457+25del,HCM,LMM,1,2912,VUS favour pathogenic
MYBPC3,c.1505G>T,HCM,LMM,1,2912,VUS favour pathogenic
MYBPC3,c.1535T>A,HCM,LMM,1,2912,VUS favour pathogenic
MYBPC3,c.1586C>G,HCM,LMM,1,2912,VUS favour pathogenic
MYBPC3,c.1841A>G,HCM,LMM,1,2912,VUS favour pathogenic
MYBPC3,c.1897+5G>A,HCM,LMM,1,2912,VUS favour pathogenic
MYBPC3,c.2533C>T,HCM,LMM,1,2912,VUS favour pathogenic
MYBPC3,c.2905+5G>T,HCM,LMM,2,2912,VUS favour pathogenic
MYBPC3,c.290C>T,HCM,LMM,1,2912,VUS favour pathogenic
MYBPC3,c.3065G>A,HCM,LMM,1,2912,VUS favour pathogenic
MYBPC3,c.3548T>G,HCM,LMM,1,2912,Likely Pathogenic
MYBPC3,c.3767_3769delCCA,HCM,LMM,3,2912,Likely Pathogenic
MYBPC3,c.2013_2016delinsGG,HCM,LMM,1,2912,Pathogenic
MYBPC3,c.2040_2041insT,HCM,LMM,1,2912,Pathogenic
MYBPC3,c.2163delC,HCM,LMM,1,2912,Pathogenic
MYBPC3,c.2528_2536delAGATGCGCG,HCM,LMM,1,2912,Pathogenic
MYBPC3,c.2610_2611insC,HCM,LMM,1,2912,Pathogenic
MYBPC3,c.436_437insA,HCM,LMM,2,2912,Pathogenic
MYBPC3,c.3815-1G>A,HCM,LMM,1,2912,Pathogenic
MYBPC3,c.431_432delGT,HCM,LMM,1,2912,Pathogenic
MYBPC3,c.506-1G>T,HCM,LMM,1,2912,Pathogenic
MYBPC3,c.1790+5G>A,HCM,LMM,1,2912,VUS favour pathogenic
MYBPC3,c.3694A>T,HCM,LMM,1,2912,Pathogenic
MYBPC3,c.2517_2538del,HCM,LMM,1,2912,Pathogenic
MYBPC3,c.833delG,HCM,LMM,1,2912,Pathogenic
MYBPC3,c.966G>A,HCM,LMM,1,2912,Pathogenic
MYH7,c.2191C>G,HCM,LMM,1,2912,Likely Pathogenic
MYH7,c.1871A>G,HCM,LMM,1,2912,VUS favour pathogenic
MYH7,c.1496A>G,HCM,LMM,1,2912,VUS favour pathogenic
MYH7,c.4136C>A,HCM,LMM,1,2912,VUS favour pathogenic
MYH7,c.2470G>C,HCM,LMM,1,2912,VUS favour pathogenic
MYH7,c.2716G>A,HCM,LMM,1,2912,VUS favour pathogenic
MYH7,c.507A>T,HCM,LMM,1,2912,Likely Pathogenic
MYH7,c.2746G>A,HCM,LMM,1,2912,VUS favour pathogenic
MYH7,c.1060G>A,HCM,LMM,1,2912,Likely Pathogenic
MYH7,c.1490A>G,HCM,LMM,1,2912,Likely Pathogenic
MYH7,c.1562T>C,HCM,LMM,1,2912,Likely Pathogenic
MYH7,c.1608G>T,HCM,LMM,1,2912,Likely Pathogenic
MYH7,c.1757T>C,HCM,LMM,2,2912,Likely Pathogenic
MYH7,c.1969A>C,HCM,LMM,1,2912,Likely Pathogenic
MYH7,c.2129C>T,HCM,LMM,1,2912,Likely Pathogenic
MYH7,c.2217G>T,HCM,LMM,1,2912,Likely Pathogenic
MYH7,c.2342T>C,HCM,LMM,1,2912,Likely Pathogenic
MYH7,c.2432T>C,HCM,LMM,1,2912,Likely Pathogenic
MYH7,c.2543A>G,HCM,LMM,1,2912,Likely Pathogenic
MYH7,c.2692C>G,HCM,LMM,1,2912,Likely Pathogenic
MYH7,c.2742G>T,HCM,LMM,1,2912,Likely Pathogenic
MYH7,c.2899G>A,HCM,LMM,1,2912,Likely Pathogenic
MYH7,c.4124A>G,HCM,LMM,1,2912,Likely Pathogenic
MYH7,c.506G>A,HCM,LMM,1,2912,Likely Pathogenic
MYH7,c.5344A>G,HCM,LMM,1,2912,Likely Pathogenic
MYH7,c.5380C>A,HCM,LMM,2,2912,Likely Pathogenic
MYH7,c.743T>C,HCM,LMM,1,2912,Likely Pathogenic
MYH7,c.848A>G,HCM,LMM,1,2912,Likely Pathogenic
MYH7,c.2744T>C,HCM,LMM,2,2912,Pathogenic
MYH7,c.1003G>T,HCM,LMM,2,2912,VUS favour pathogenic
MYH7,c.1166G>A,HCM,LMM,1,2912,VUS favour pathogenic
MYH7,c.1759G>A,HCM,LMM,1,2912,VUS favour pathogenic
MYH7,c.2471T>C,HCM,LMM,1,2912,Likely Pathogenic
MYH7,c.2627_2629delAGA,HCM,LMM,1,2912,VUS favour pathogenic
MYH7,c.4436C>T,HCM,LMM,1,2912,VUS favour pathogenic
MYH7,c.503-5C>T,HCM,LMM,1,2912,VUS favour pathogenic
MYH7,c.5156A>G,HCM,LMM,1,2912,VUS favour pathogenic
MYH7,c.5749G>T,HCM,LMM,1,2912,VUS favour pathogenic
MYH7,c.707T>C,HCM,LMM,1,2912,VUS favour pathogenic
MYH7,c.830T>C,HCM,LMM,1,2912,VUS favour pathogenic
MYH7,c.2101G>A,HCM,LMM,1,2912,VUS favour pathogenic
MYH7,c.2178C>A,HCM,LMM,1,2912,VUS favour pathogenic
MYH7,c.2699A>G,HCM,LMM,1,2912,VUS favour pathogenic
MYH7,c.4864C>T,HCM,LMM,1,2912,VUS favour pathogenic
MYH7,c.748A>G,HCM,LMM,1,2912,VUS favour pathogenic
MYH7,c.920C>T,HCM,LMM,1,2912,VUS favour pathogenic
MYH7,c.2069T>C,HCM,LMM,1,2912,Pathogenic
MYH7,c.2285A>G,HCM,LMM,1,2912,Pathogenic
MYH7,c.2296A>C,HCM,LMM,1,2912,Pathogenic
MYH7,c.2502C>G,HCM,LMM,1,2912,Pathogenic
MYH7,c.2525G>A,HCM,LMM,1,2912,Pathogenic
MYH7,c.2623_2625delGAG,HCM,LMM,2,2912,Pathogenic
MYH7,c.2105T>A,HCM,LMM,1,2912,Pathogenic
MYH7,c.293A>T,HCM,LMM,1,2912,VUS favour pathogenic
MYH7,c.3664A>G,HCM,LMM,1,2912,VUS favour pathogenic
MYH7,c.4156C>T,HCM,LMM,1,2912,VUS favour pathogenic
MYL2,c.260G>C,HCM,LMM,2,2650,Likely Pathogenic
MYL2,c.485G>A,HCM,LMM,3,2650,Likely Pathogenic
MYL2,c.402G>C,HCM,LMM,1,2650,VUS favour pathogenic
MYL2,c.239C>A,HCM,LMM,2,2650,Likely Pathogenic
MYL2,c.80A>G,HCM,LMM,1,2650,Likely Pathogenic
MYL2,c.142G>T,HCM,LMM,1,2650,VUS favour pathogenic
MYL2,c.275G>T,HCM,LMM,1,2650,Likely Pathogenic
MYL2,c.358C>T,HCM,LMM,1,2650,VUS favour pathogenic
MYL2,c.392C>G,HCM,LMM,1,2650,VUS favour pathogenic
MYL2,c.45_46delinsT,HCM,LMM,1,2650,VUS favour pathogenic
MYL2,c.84A>T,HCM,LMM,1,2650,VUS favour pathogenic
NEXN,c.341_342delAA,HCM,LMM,1,632,VUS favour pathogenic
PLN,c.152T>C,HCM,LMM,1,632,VUS favour pathogenic
PRKAG2,c.1030C>T,HCM,LMM,1,2438,Likely Pathogenic
PRKAG2,c.1592G>T,HCM,LMM,1,2438,VUS favour pathogenic
TNNI3,c.575G>T,HCM,LMM,1,2912,Likely Pathogenic
TNNI3,c.526G>A,HCM,LMM,1,2912,VUS favour pathogenic
TNNI3,c.568G>T,HCM,LMM,1,2912,Likely Pathogenic
TNNI3,c.579G>C,HCM,LMM,1,2912,VUS favour pathogenic
TNNI3,c.625G>A,HCM,LMM,1,2912,VUS favour pathogenic
TNNT2,c.821+1G>T,HCM,LMM,1,2912,Likely Pathogenic
TNNT2,c.251G>C,HCM,LMM,2,2912,VUS favour pathogenic
TNNT2,c.773A>T,HCM,LMM,2,2912,VUS favour pathogenic
TPM1,c.655G>A,HCM,LMM,1,2912,Likely Pathogenic
TPM1,c.343G>A,HCM,LMM,1,2912,Likely Pathogenic
TPM1,c.559G>C,HCM,LMM,1,2912,Likely Pathogenic
TPM1,c.762T>G,HCM,LMM,1,2912,Likely Pathogenic
TPM1,c.790A>G,HCM,LMM,1,2912,Likely Pathogenic
TPM1,c.305C>A,HCM,LMM,1,2912,VUS favour pathogenic
TPM1,c.676A>C,HCM,LMM,1,2912,VUS favour pathogenic
TPM1,c.82G>C,HCM,LMM,2,2912,VUS favour pathogenic
TPM1,c.457C>G,HCM,LMM,1,2912,Pathogenic
ACTC1,c.808+3G>A,HCM,LMM,1,2650,VUS favour benign
ACTC1,c.850A>T,HCM,LMM,1,2650,VUS
ACTC1,c.83C>T,HCM,LMM,1,2650,VUS
ACTN2,c.1108-10A>G,HCM,LMM,1,632,VUS
CSRP3,c.152C>A,HCM,LMM,1,632,VUS
GLA,c.485G>T,HCM,LMM,1,2165,VUS
GLA,c.829T>G,HCM,LMM,1,2165,VUS
LAMP2,c.371C>T,HCM,LMM,1,2451,VUS favour benign
LAMP2,c.824A>G,HCM,LMM,1,2451,VUS
MYBPC3,c.2939G>A,HCM,LMM,1,2912,VUS
MYBPC3,c.1037G>A,HCM,LMM,2,2912,VUS
MYBPC3,c.1091-18_1091-8del,HCM,LMM,1,2912,VUS
MYBPC3,c.1188G>T,HCM,LMM,1,2912,VUS
MYBPC3,c.1418T>C,HCM,LMM,1,2912,VUS
MYBPC3,c.1457+5G>C,HCM,LMM,1,2912,VUS
MYBPC3,c.1934C>T,HCM,LMM,2,2912,VUS
MYBPC3,c.1950C>G,HCM,LMM,1,2912,VUS
MYBPC3,c.2436G>T,HCM,LMM,1,2912,VUS
MYBPC3,c.2449C>T,HCM,LMM,1,2912,VUS
MYBPC3,c.2525A>G,HCM,LMM,1,2912,VUS
MYBPC3,c.326C>T,HCM,LMM,1,2912,VUS
MYBPC3,c.3281A>T,HCM,LMM,1,2912,VUS
MYBPC3,c.355G>A,HCM,LMM,3,2912,VUS
MYBPC3,c.3815-10T>G,HCM,LMM,1,2912,VUS
MYBPC3,c.505+6T>G,HCM,LMM,1,2912,VUS
MYBPC3,c.518C>A,HCM,LMM,1,2912,VUS
MYBPC3,c.566T>A,HCM,LMM,1,2912,VUS
MYBPC3,c.654+5G>A,HCM,LMM,1,2912,VUS
MYBPC3,c.852-6C>T,HCM,LMM,1,2912,VUS
MYBPC3,c.931T>A,HCM,LMM,1,2912,VUS
MYBPC3,c.3413G>C,HCM,LMM,1,2912,VUS
MYBPC3,c.436A>C,HCM,LMM,1,2912,VUS
MYBPC3,c.853G>A,HCM,LMM,1,2912,VUS
MYH7,c.611G>T,HCM,LMM,4,2912,VUS
MYH7,c.5656-8T>G,HCM,LMM,1,2912,VUS
MYH7,c.2783A>C,HCM,LMM,1,2912,VUS
MYH7,c.1132A>C,HCM,LMM,1,2912,VUS
MYH7,c.1148A>G,HCM,LMM,1,2912,VUS
MYH7,c.135G>T,HCM,LMM,1,2912,VUS
MYH7,c.137T>G,HCM,LMM,1,2912,VUS
MYH7,c.1514G>T,HCM,LMM,1,2912,VUS
MYH7,c.1541G>A,HCM,LMM,1,2912,VUS
MYH7,c.2401T>A,HCM,LMM,1,2912,VUS
MYH7,c.2462T>C,HCM,LMM,1,2912,VUS
MYH7,c.2570C>T,HCM,LMM,1,2912,VUS
MYH7,c.2719C>A,HCM,LMM,2,2912,VUS
MYH7,c.1352A>C,HCM,LMM,1,2912,VUS
MYH7,c.1426C>G,HCM,LMM,1,2912,VUS
MYH7,c.2424-5T>C,HCM,LMM,1,2912,VUS
MYH7,c.3637G>A,HCM,LMM,1,2912,VUS
MYH7,c.5332C>T,HCM,LMM,1,2912,VUS
MYH7,c.3967G>A,HCM,LMM,1,2912,VUS favour benign
MYH7,c.2498A>G,HCM,LMM,1,2912,VUS
MYL2,c.163G>T,HCM,LMM,1,2650,VUS
MYL2,c.313G>A,HCM,LMM,2,2650,VUS
MYL3,c.11A>G,HCM,LMM,1,2650,VUS
MYL3,c.466G>T,HCM,LMM,1,2650,VUS
MYL3,c.520G>C,HCM,LMM,1,2650,VUS
MYL3,c.338C>T,HCM,LMM,1,2650,VUS
MYOZ2,c.29A>G,HCM,LMM,1,632,VUS
NEXN,c.1457C>G,HCM,LMM,1,632,VUS
NEXN,c.1660-11_1660-7delTTTTA,HCM,LMM,1,632,VUS
NEXN,c.1937C>A,HCM,LMM,1,632,VUS
PRKAG2,c.532G>A,HCM,LMM,1,2438,VUS
PRKAG2,c.593_594insC,HCM,LMM,1,2438,VUS
PRKAG2,c.685-7C>A,HCM,LMM,1,2438,VUS favour benign
PRKAG2,c.722G>A,HCM,LMM,1,2438,VUS
PRKAG2,c.1006G>A,HCM,LMM,1,2438,VUS
TNNT2,c.649A>G,HCM,LMM,1,2912,VUS
TNNT2,c.133+5G>A,HCM,LMM,1,2912,VUS
TNNT2,c.252A>T,HCM,LMM,2,2912,VUS
TNNT2,c.52+6C>T,HCM,LMM,1,2912,VUS
TPM1,c.58G>A,HCM,LMM,1,2912,VUS
TPM1,c.548C>T,HCM,LMM,1,2912,VUS
TPM1,c.82G>A,HCM,LMM,1,2912,VUS
TPM1,c.493-6C>T,HCM,LMM,1,2912,VUS favour benign
ABCC9,c.169C>T,DCM,LMM,1,590,Likely Pathogenic
LMNA,c.1106T>C,DCM,LMM,1,740,Likely Pathogenic
LMNA,c.1129C>T,DCM,LMM,1,740,Likely Pathogenic
LMNA,c.1442A>G,DCM,LMM,1,740,Likely Pathogenic
LMNA,c.1526dupC,DCM,LMM,1,740,Likely Pathogenic
LMNA,c.154C>G,DCM,LMM,1,740,Likely Pathogenic
LMNA,c.1609-3C>G,DCM,LMM,1,740,VUS favour pathogenic
LMNA,c.16C>T,DCM,LMM,1,740,Pathogenic
LMNA,c.356G>C,DCM,LMM,1,740,Likely Pathogenic
LMNA,c.436G>A,DCM,LMM,1,740,VUS favour pathogenic
LMNA,c.448A>C,DCM,LMM,1,740,Likely Pathogenic
LMNA,c.513+1G>C,DCM,LMM,1,740,Likely Pathogenic
LMNA,c.763delC,DCM,LMM,1,740,Likely Pathogenic
LMNA,c.863C>G,DCM,LMM,1,740,Likely Pathogenic
LMNA,c.868G>A,DCM,LMM,1,740,VUS favour pathogenic
LMNA,c.976T>A,DCM,LMM,1,740,Likely Pathogenic
DES,c.1285C>T,DCM,LMM,1,590,Likely Pathogenic
DES,c.600delG,DCM,LMM,1,590,Likely Pathogenic
DES,c.735+3A>G,DCM,LMM,1,590,Pathogenic
RBM20,c.2017C>T,DCM,LMM,1,156,VUS favour pathogenic
RBM20,c.2108G>A,DCM,LMM,1,156,VUS favour pathogenic
VCL,c.1639C>T,DCM,LMM,1,590,Likely Pathogenic
VCL,c.313C>T,DCM,LMM,1,590,Likely Pathogenic
VCL,c.562C>T,DCM,LMM,1,590,Likely Pathogenic
VCL,c.659dupA,DCM,LMM,1,590,Likely Pathogenic
ACTN2,c.1384G>T,DCM,LMM,1,590,VUS favour pathogenic
MYH7,c.1106G>A,DCM,LMM,2,756,Likely Pathogenic
MYH7,c.1570A>G,DCM,LMM,1,756,Likely Pathogenic
MYH7,c.1597A>G,DCM,LMM,2,756,Likely Pathogenic
MYH7,c.1700G>A,DCM,LMM,1,756,Likely Pathogenic
MYH7,c.1791C>A,DCM,LMM,1,756,Likely Pathogenic
MYH7,c.2171T>A,DCM,LMM,1,756,VUS favour pathogenic
MYH7,c.2348G>C,DCM,LMM,1,756,Likely Pathogenic
MYH7,c.2973G>T,DCM,LMM,1,756,VUS favour pathogenic
MYH7,c.3455A>T,DCM,LMM,1,756,Likely Pathogenic
MYH7,c.3982G>A,DCM,LMM,1,756,VUS favour pathogenic
MYH7,c.4408T>C,DCM,LMM,1,756,VUS favour pathogenic
MYH7,c.4411C>T,DCM,LMM,1,756,VUS favour pathogenic
MYH7,c.4720C>T,DCM,LMM,1,756,Likely Pathogenic
MYH7,c.5401G>A,DCM,LMM,1,756,Likely Pathogenic
MYH7,c.734G>A,DCM,LMM,1,756,Likely Pathogenic
MYH7,c.742A>T,DCM,LMM,1,756,Likely Pathogenic
MYH7,c.835G>A,DCM,LMM,1,756,VUS favour pathogenic
TNNT2,c.325C>T,DCM,LMM,1,756,VUS favour pathogenic
TNNT2,c.392G>A,DCM,LMM,1,756,Likely Pathogenic
LDB3,c.899C>A,DCM,LMM,1,740,VUS favour pathogenic
CSRP3,c.136A>C,DCM,LMM,1,590,Likely Pathogenic
MYBPC3,c.1813G>A,DCM,LMM,1,756,VUS favour pathogenic
MYBPC3,c.1976T>C,DCM,LMM,1,756,VUS favour pathogenic
TPM1,c.337C>G,DCM,LMM,1,756,Likely Pathogenic
TPM1,c.341A>G,DCM,LMM,1,756,Likely Pathogenic
TPM1,c.416A>T,DCM,LMM,1,756,Likely Pathogenic
TPM1,c.423G>C,DCM,LMM,1,756,Likely Pathogenic
TPM1,c.725C>T,DCM,LMM,1,756,Likely Pathogenic
TPM1,c.97G>A,DCM,LMM,1,756,VUS favour pathogenic
ACTC1,c.616+1G>A,DCM,LMM,1,748,VUS favour pathogenic
ACTC1,c.806T>C,DCM,LMM,1,748,VUS favour pathogenic
PLN,c.37dupA,DCM,LMM,1,740,VUS favour pathogenic
PLN,c.43G>A,DCM,LMM,1,740,VUS favour pathogenic
DSP,c.2848dupA,DCM,LMM,1,123,Likely Pathogenic
DSP,c.699G>A,DCM,LMM,1,123,Likely Pathogenic
DSP,c.939+1G>A,DCM,LMM,1,123,Likely Pathogenic
CASQ2,c.1090dupG,DCM,LMM,1,121,VUS favour pathogenic
NEXN,c.1053+1G>A,DCM,LMM,1,156,VUS favour pathogenic
NEXN,c.1407_1409delAGA,DCM,LMM,1,156,VUS favour pathogenic
SGCD,c.390delA,DCM,LMM,1,590,Likely Pathogenic
TAZ,c.208C>T,DCM,LMM,1,740,Likely Pathogenic
ACTN2,c.343G>A,DCM,LMM,1,590,VUS favour pathogenic
DES,c.38C>T,DCM,LMM,1,590,Pathogenic
DSG2,c.1003A>G,DCM,LMM,1,123,VUS favour pathogenic
LMNA,c.1003C>T,DCM,LMM,3,740,Likely Pathogenic
LMNA,c.1412G>A,DCM,LMM,1,740,Likely Pathogenic
LMNA,c.1621C>T,DCM,LMM,2,740,Likely Pathogenic
LMNA,c.481G>A,DCM,LMM,2,740,Pathogenic
LMNA,c.673C>T,DCM,LMM,2,740,Pathogenic
LMNA,c.700C>T,DCM,LMM,1,740,Likely Pathogenic
LMNA,c.799T>C,DCM,LMM,1,740,Pathogenic
LMNA,c.949G>A,DCM,LMM,1,740,Likely Pathogenic
LMNA,c.958delC,DCM,LMM,1,740,Likely Pathogenic
LMNA,c.961C>T,DCM,LMM,1,740,Likely Pathogenic
LMNA,c.992G>A,DCM,LMM,1,740,Likely Pathogenic
MYBPC3,c.239delCinsGAGG,DCM,LMM,1,756,VUS favour pathogenic
MYH7,c.1402T>C,DCM,LMM,1,756,VUS favour pathogenic
MYH7,c.1405G>T,DCM,LMM,2,756,Likely Pathogenic
MYH7,c.1573G>A,DCM,LMM,1,756,Likely Pathogenic
MYH7,c.2678C>T,DCM,LMM,2,756,VUS favour pathogenic
MYH7,c.2710C>T,DCM,LMM,1,756,Pathogenic
MYH7,c.2711G>A,DCM,LMM,2,756,Likely Pathogenic
MYH7,c.2890G>C,DCM,LMM,1,756,VUS favour pathogenic
MYH7,c.3578G>A,DCM,LMM,1,756,Likely Pathogenic
MYH7,c.3856G>A,DCM,LMM,2,756,Likely Pathogenic
MYH7,c.4030C>T,DCM,LMM,1,756,VUS favour pathogenic
MYH7,c.4348G>A,DCM,LMM,1,756,Likely Pathogenic
MYH7,c.4399C>G,DCM,LMM,1,756,VUS favour pathogenic
MYH7,c.4985G>A,DCM,LMM,1,756,VUS favour pathogenic
MYH7,c.5380C>G,DCM,LMM,1,756,Likely Pathogenic
MYH7,c.5740G>A,DCM,LMM,1,756,Likely Pathogenic
MYH7,c.602T>C,DCM,LMM,1,756,Likely Pathogenic
NEXN,c.1955A>G,DCM,LMM,1,156,VUS favour pathogenic
PLN,c.40_42delAGA,DCM,LMM,1,740,Pathogenic
RBM20,c.1907G>A,DCM,LMM,1,156,VUS favour pathogenic
RBM20,c.1913C>T,DCM,LMM,1,156,Pathogenic
RBM20,c.2147G>A,DCM,LMM,1,156,Likely Pathogenic
TAZ,c.718G>C,DCM,LMM,1,740,Pathogenic
TNNI3,c.544G>A,DCM,LMM,1,756,Likely Pathogenic
TNNI3,c.550G>A,DCM,LMM,1,756,Likely Pathogenic
TNNT2,c.391C>T,DCM,LMM,1,756,VUS favour pathogenic
TNNT2,c.400C>G,DCM,LMM,1,756,Likely Pathogenic
TNNT2,c.416G>A,DCM,LMM,1,756,Likely Pathogenic
TNNT2,c.421C>T,DCM,LMM,5,756,Pathogenic
TNNT2,c.629_631delAGA,DCM,LMM,11,756,Pathogenic
TNNT2,c.832C>T,DCM,LMM,1,756,VUS favour pathogenic
TPM1,c.23T>G,DCM,LMM,1,756,Likely Pathogenic
TPM1,c.275T>C,DCM,LMM,1,756,Likely Pathogenic
TPM1,c.632C>G,DCM,LMM,1,756,Likely Pathogenic
TPM1,c.688G>A,DCM,LMM,2,756,Pathogenic
TPM1,c.712C>T,DCM,LMM,1,756,VUS favour pathogenic
VCL,c.2444A>G,DCM,LMM,1,590,VUS favour pathogenic
VCL,c.2862_2864delGTT,DCM,LMM,1,590,VUS favour pathogenic
VCL,c.622+4C>T,DCM,LMM,1,590,Likely Benign
ABCC9,c.1142T>A,DCM,LMM,1,590,VUS - 4
ABCC9,c.1987C>T,DCM,LMM,1,590,VUS - 4
ABCC9,c.2050G>A,DCM,LMM,1,590,VUS - 3
ABCC9,c.2093-7T>C,DCM,LMM,4,590,Likely Benign
ABCC9,c.2644-11G>A,DCM,LMM,2,590,Likely Benign
ABCC9,c.407-14C>A,DCM,LMM,4,590,Likely Benign
ABCC9,c.4352T>C,DCM,LMM,1,590,VUS - 4
ABCC9,c.4516C>T,DCM,LMM,1,590,VUS - 4
ABCC9,c.4613A>G,DCM,LMM,1,590,VUS - 4
ACTC1,c.355G>C,DCM,LMM,1,748,VUS - 4
ACTN2,c.1235C>T,DCM,LMM,2,590,VUS - 4
ACTN2,c.1714C>T,DCM,LMM,1,590,VUS - 4
ACTN2,c.1930G>A,DCM,LMM,1,590,VUS - 4
ACTN2,c.2003C>G,DCM,LMM,1,590,VUS - 4
ACTN2,c.2161C>A,DCM,LMM,1,590,VUS - 4
ACTN2,c.26A>G,DCM,LMM,1,590,VUS - 3
ACTN2,c.877-6G>A,DCM,LMM,2,590,VUS - 3
ACTN2,c.893G>A,DCM,LMM,1,590,VUS - 3
ANKRD1,c.197G>A,DCM,LMM,1,121,VUS - 3
ANKRD1,c.208-15G>A,DCM,LMM,1,121,Likely Benign
ANKRD1,c.417C>A,DCM,LMM,1,121,VUS - 4
ANKRD1,c.560C>T,DCM,LMM,2,121,VUS - 4
CASQ2,c.1185_1187delCGA,DCM,LMM,2,121,VUS - 3
CAV3,c.115-13G>C,DCM,LMM,1,121,Likely Benign
CAV3,c.216C>G,DCM,LMM,1,121,VUS - 3
CAV3,c.233C>T,DCM,LMM,2,121,Likely Benign
CRYAB,c.487C>T,DCM,LMM,1,121,VUS - 4
CSRP3,c.10T>C,DCM,LMM,4,590,Likely Benign
CSRP3,c.148G>A,DCM,LMM,1,590,VUS - 3
CSRP3,c.509-3_509-2delCA,DCM,LMM,1,590,VUS - 3
CSRP3,c.535A>G,DCM,LMM,1,590,VUS - 4
CTF1,c.*5C>A,DCM,LMM,1,590,VUS - 4
CTF1,c.144+7G>T,DCM,LMM,1,590,Likely Benign
DES,c.193G>A,DCM,LMM,1,590,VUS - 4
DES,c.407T>A,DCM,LMM,1,590,VUS - 4
DES,c.785A>T,DCM,LMM,1,590,VUS - 4
DES,c.897+4_897+5delGG,DCM,LMM,1,590,Likely Benign
DES,c.934G>A,DCM,LMM,1,590,VUS - 3
DES,c.935A>C,DCM,LMM,1,590,Likely Benign
DSC2,c.1729A>G,DCM,LMM,1,123,VUS - 4
DSC2,c.2446G>A,DCM,LMM,1,123,VUS - 3
DSC2,c.2686_2687dupGA,DCM,LMM,2,123,Likely Benign
DSC2,c.776-12T>G,DCM,LMM,1,123,VUS - 4
DSG2,c.1051A>G,DCM,LMM,1,123,Likely Benign
DSG2,c.1652-12C>T,DCM,LMM,1,123,Likely Benign
DSG2,c.2759T>G,DCM,LMM,2,123,Likely Benign
DSG2,c.2886T>G,DCM,LMM,2,123,Likely Benign
DSG2,c.3040G>A,DCM,LMM,1,123,VUS - 4
DSG2,c.545A>G,DCM,LMM,1,123,Likely Benign
DSP,c.1266+6G>T,DCM,LMM,1,123,Likely Benign
DSP,c.1574+14G>T,DCM,LMM,1,123,Likely Benign
DSP,c.1778A>G,DCM,LMM,1,123,VUS - 3
DSP,c.2596C>T,DCM,LMM,1,123,Likely Benign
DSP,c.2866A>T,DCM,LMM,1,123,VUS - 3
DSP,c.4372C>G,DCM,LMM,1,123,VUS - 3
DSP,c.4750G>A,DCM,LMM,1,123,VUS - 4
DSP,c.5218G>A,DCM,LMM,1,123,VUS - 3
DSP,c.607G>A,DCM,LMM,1,123,VUS - 4
DSP,c.6208G>A,DCM,LMM,2,123,Likely Benign
DSP,c.8495G>T,DCM,LMM,1,123,VUS - 4
DSP,c.943C>T,DCM,LMM,2,123,VUS - 4
DTNA,c.1086-8T>C,DCM,LMM,2,121,Likely Benign
EMD,c.272A>G,DCM,LMM,1,590,VUS - 3
EMD,c.646G>A,DCM,LMM,1,590,VUS - 3
EMD,c.83-13C>G,DCM,LMM,1,590,Likely Benign
FHL2,c.85G>A,DCM,LMM,1,121,Likely Benign
GLA,c.1102G>A,DCM,LMM,1,186,VUS - 3
GLA,c.376A>G,DCM,LMM,1,186,VUS - 3
GLA,c.937G>T,DCM,LMM,1,186,Likely Benign
JUP,c.1942G>A,DCM,LMM,5,121,Likely Benign
JUP,c.708-4C>G,DCM,LMM,1,121,Likely Benign
LAMA4,c.196-9C>T,DCM,LMM,1,121,Likely Benign
LAMA4,c.2005G>A,DCM,LMM,1,121,VUS - 4
LAMA4,c.2069G>A,DCM,LMM,1,121,VUS - 4
LAMA4,c.2789A>G,DCM,LMM,1,121,Likely Benign
LAMA4,c.2929G>A,DCM,LMM,1,121,Likely Benign
LAMA4,c.3922G>A,DCM,LMM,1,121,VUS - 3
LAMA4,c.4415G>A,DCM,LMM,1,121,VUS - 3
LAMA4,c.4670G>T,DCM,LMM,1,121,VUS - 4
LAMA4,c.514G>A,DCM,LMM,1,121,Likely Benign
LAMP2,c.472A>G,DCM,LMM,1,223,VUS - 3
LAMP2,c.586A>T,DCM,LMM,1,223,VUS - 3
LAMP2,c.755T>G,DCM,LMM,1,223,Likely Benign
LDB3,c.*13G>T,DCM,LMM,1,740,VUS - 3
LDB3,c.1111G>A,DCM,LMM,1,740,VUS - 4
LDB3,c.1460G>A,DCM,LMM,1,740,Likely Benign
LDB3,c.1472T>A,DCM,LMM,1,740,VUS - 4
LDB3,c.1535A>C,DCM,LMM,1,740,VUS - 4
LDB3,c.1672A>G,DCM,LMM,1,740,VUS - 4
LDB3,c.1858-10T>C,DCM,LMM,1,740,VUS - 4
LDB3,c.1910C>T,DCM,LMM,1,740,VUS - 4
LDB3,c.343G>A,DCM,LMM,1,740,VUS - 3
LDB3,c.352G>A,DCM,LMM,9,740,Likely Benign
LDB3,c.689+10G>A,DCM,LMM,1,740,Likely Benign
LDB3,c.689+15T>C,DCM,LMM,1,740,Likely Benign
LDB3,c.826C>T,DCM,LMM,1,740,VUS - 4
LMNA,c.1201C>T,DCM,LMM,1,740,VUS - 4
LMNA,c.1567G>A,DCM,LMM,1,740,VUS - 3
LMNA,c.1718C>T,DCM,LMM,1,740,VUS - 4
LMNA,c.1912G>A,DCM,LMM,3,740,Likely Benign
LMNA,c.1930C>T,DCM,LMM,2,740,VUS - 3
LMNA,c.266G>A,DCM,LMM,1,740,VUS - 4
LMNA,c.350A>G,DCM,LMM,1,740,VUS - 4
LMNA,c.895A>G,DCM,LMM,1,740,VUS - 3
MYBPC3,c.121C>T,DCM,LMM,1,756,VUS - 4
MYBPC3,c.1246G>A,DCM,LMM,1,756,Likely Benign
MYBPC3,c.1373G>A,DCM,LMM,1,756,VUS - 3
MYBPC3,c.13G>C,DCM,LMM,1,756,VUS - 3
MYBPC3,c.1468G>A,DCM,LMM,1,756,VUS - 4
MYBPC3,c.148A>G,DCM,LMM,1,756,VUS - 4
MYBPC3,c.1519G>A,DCM,LMM,2,756,Likely Benign
MYBPC3,c.166G>A,DCM,LMM,1,756,VUS - 4
MYBPC3,c.1790+7G>A,DCM,LMM,2,756,Likely Benign
MYBPC3,c.1855G>A,DCM,LMM,1,756,VUS - 3
MYBPC3,c.206G>A,DCM,LMM,1,756,Likely Benign
MYBPC3,c.2497G>A,DCM,LMM,2,756,Likely Benign
MYBPC3,c.2641G>A,DCM,LMM,1,756,VUS - 4
MYBPC3,c.2686G>A,DCM,LMM,9,756,Likely Benign
MYBPC3,c.2870C>G,DCM,LMM,1,756,VUS - 3
MYBPC3,c.2909G>A,DCM,LMM,1,756,VUS - 4
MYBPC3,c.2992C>G,DCM,LMM,8,756,Likely Benign
MYBPC3,c.3004C>T,DCM,LMM,1,756,Likely Benign
MYBPC3,c.3005G>A,DCM,LMM,1,756,VUS - 4
MYBPC3,c.3106C>T,DCM,LMM,2,756,Likely Benign
MYBPC3,c.3392T>C,DCM,LMM,1,756,VUS - 4
MYBPC3,c.3535G>A,DCM,LMM,1,756,VUS - 4
MYBPC3,c.3682C>T,DCM,LMM,4,756,VUS - 3
MYBPC3,c.478C>T,DCM,LMM,3,756,Likely Benign
MYBPC3,c.529C>T,DCM,LMM,2,756,VUS - 3
MYBPC3,c.530G>A,DCM,LMM,5,756,Likely Benign
MYBPC3,c.565G>A,DCM,LMM,6,756,Likely Benign
MYBPC3,c.646G>A,DCM,LMM,1,756,Likely Benign
MYBPC3,c.649A>G,DCM,LMM,4,756,Likely Benign
MYBPC3,c.713G>A,DCM,LMM,1,756,VUS - 4
MYBPC3,c.745T>C,DCM,LMM,1,756,VUS - 3
MYBPC3,c.917G>A,DCM,LMM,1,756,VUS - 4
MYBPC3,c.994G>A,DCM,LMM,2,756,VUS - 4
MYH6,c.1131C>G,DCM,LMM,1,121,Likely Benign
MYH6,c.1252G>A,DCM,LMM,1,121,VUS - 4
MYH6,c.2614C>T,DCM,LMM,1,121,VUS - 4
MYH6,c.2928+5G>A,DCM,LMM,1,121,Likely Benign
MYH6,c.328G>A,DCM,LMM,1,121,VUS - 4
MYH6,c.485A>G,DCM,LMM,1,121,VUS - 4
MYH7,c.1139-14C>T,DCM,LMM,1,756,VUS - 3
MYH7,c.1630A>G,DCM,LMM,1,756,VUS - 3
MYH7,c.184G>A,DCM,LMM,1,756,VUS - 4
MYH7,c.1888C>T,DCM,LMM,1,756,VUS - 4
MYH7,c.1892T>C,DCM,LMM,1,756,VUS - 4
MYH7,c.2162+4G>A,DCM,LMM,2,756,Likely Benign
MYH7,c.2945T>C,DCM,LMM,1,756,VUS - 4
MYH7,c.531-5C>T,DCM,LMM,1,756,VUS - 4
MYH7,c.709C>T,DCM,LMM,1,756,VUS - 4
MYH7,c.77C>T,DCM,LMM,1,756,Likely Benign
MYL2,c.274+8C>T,DCM,LMM,1,188,Likely Benign
MYL2,c.31G>A,DCM,LMM,1,188,VUS - 3
MYL3,c.130-14G>T,DCM,LMM,1,188,Likely Benign
MYL3,c.482-14C>A,DCM,LMM,1,188,Likely Benign
MYL3,c.559+6C>T,DCM,LMM,1,188,Likely Benign
MYLK2,c.1123G>A,DCM,LMM,1,121,VUS - 4
MYLK2,c.277C>A,DCM,LMM,1,121,VUS - 3
MYLK2,c.4G>A,DCM,LMM,1,121,VUS - 3
NEXN,c.1996A>G,DCM,LMM,1,156,VUS - 3
NEXN,c.835C>T,DCM,LMM,1,156,Likely Benign
NEXN,c.995A>C,DCM,LMM,2,156,Likely Benign
PKP2,c.1171-11T>C,DCM,LMM,1,123,Likely Benign
PKP2,c.1372A>G,DCM,LMM,1,123,VUS - 4
PKP2,c.1420G>A,DCM,LMM,1,123,VUS - 3
PKP2,c.174G>T,DCM,LMM,2,123,Likely Benign
PKP2,c.1759G>A,DCM,LMM,2,123,Likely Benign
PKP2,c.1889T>C,DCM,LMM,1,123,VUS - 4
PKP2,c.302G>A,DCM,LMM,1,123,VUS - 3
PKP2,c.473G>A,DCM,LMM,1,123,VUS - 4
PKP2,c.516C>A,DCM,LMM,1,123,VUS - 3
PKP2,c.706G>T,DCM,LMM,1,123,Likely Benign
PKP2,c.76G>A,DCM,LMM,3,123,Likely Benign
PLN,c.61C>A,DCM,LMM,1,740,VUS - 4
PRKAG2,c.1106+9G>C,DCM,LMM,1,191,Likely Benign
PRKAG2,c.1318C>T,DCM,LMM,1,191,VUS - 3
PRKAG2,c.425C>T,DCM,LMM,1,191,VUS - 4
RBM20,c.1459G>A,DCM,LMM,1,156,VUS - 3
RBM20,c.1633G>A,DCM,LMM,1,156,Likely Benign
RBM20,c.1881-3C>T,DCM,LMM,1,156,Likely Benign
RBM20,c.2213C>T,DCM,LMM,1,156,VUS - 3
RBM20,c.2655+15A>G,DCM,LMM,2,156,Likely Benign
RBM20,c.2662G>A,DCM,LMM,3,156,VUS - 3
RBM20,c.3022C>T,DCM,LMM,1,156,VUS - 3
RBM20,c.3170G>A,DCM,LMM,1,156,Likely Benign
RBM20,c.3265C>G,DCM,LMM,1,156,VUS - 3
RBM20,c.3373G>A,DCM,LMM,2,156,Likely Benign
RBM20,c.3452-10C>T,DCM,LMM,1,156,Likely Benign
RBM20,c.529A>T,DCM,LMM,1,156,VUS - 3
RYR2,c.11880+13_11880+16delACTG,DCM,LMM,4,121,Likely Benign
RYR2,c.3152G>A,DCM,LMM,1,121,VUS - 4
RYR2,c.3596A>G,DCM,LMM,1,121,VUS - 4
RYR2,c.5261G>C,DCM,LMM,1,121,VUS - 4
RYR2,c.6337G>A,DCM,LMM,1,121,VUS - 4
RYR2,c.9067+12C>T,DCM,LMM,1,121,Likely Benign
RYR2,c.9560A>G,DCM,LMM,1,121,Likely Benign
SGCD,c.394G>A,DCM,LMM,1,590,VUS - 4
SGCD,c.451T>G,DCM,LMM,1,590,VUS - 4
SGCD,c.731C>T,DCM,LMM,1,590,VUS - 4
TAZ,c.583+10G>A,DCM,LMM,1,740,Likely Benign
TCAP,c.269C>T,DCM,LMM,1,590,VUS - 4
TCAP,c.316C>T,DCM,LMM,7,590,Likely Benign
TCAP,c.32C>T,DCM,LMM,1,590,Likely Benign
TCAP,c.37_39delGAG,DCM,LMM,2,590,VUS - 3
TCAP,c.388C>T,DCM,LMM,1,590,VUS - 4
TNNC1,c.442A>G,DCM,LMM,1,156,VUS - 4
TNNI3,c.12-7delC,DCM,LMM,1,756,Likely Benign
TNNI3,c.356C>A,DCM,LMM,2,756,VUS - 4
TNNI3,c.373-4C>G,DCM,LMM,1,756,Likely Benign
TNNI3,c.550-10C>T,DCM,LMM,3,756,Likely Benign
TNNT2,c.178A>G,DCM,LMM,1,756,VUS - 3
TNNT2,c.382-6_382-4delCCT,DCM,LMM,1,756,Likely Benign
TNNT2,c.415C>T,DCM,LMM,1,756,VUS - 4
TNNT2,c.52+7G>A,DCM,LMM,1,756,Likely Benign
TNNT2,c.690-4G>T,DCM,LMM,1,756,Likely Benign
TNNT2,c.690-6G>A,DCM,LMM,1,756,VUS - 4
TNNT2,c.734C>T,DCM,LMM,1,756,VUS - 4
TNNT2,c.83C>T,DCM,LMM,1,756,Likely Benign
TPM1,c.375-5T>C,DCM,LMM,1,756,Likely Benign
TPM1,c.564-5A>G,DCM,LMM,1,756,VUS - 4
TTR,c.*3_*11delGACTTCTCC,DCM,LMM,1,121,Likely Benign
TTR,c.416C>T,DCM,LMM,3,121,Likely Benign
TTR,c.424G>A,DCM,LMM,1,121,VUS - 4
VCL,c.1237G>A,DCM,LMM,1,590,VUS - 4
VCL,c.1555A>C,DCM,LMM,1,590,VUS - 3
VCL,c.1844C>T,DCM,LMM,1,590,VUS - 4
VCL,c.1907A>G,DCM,LMM,2,590,VUS - 3
VCL,c.2746-14C>T,DCM,LMM,1,590,VUS - 3
VCL,c.2852C>G,DCM,LMM,1,590,Likely Benign
VCL,c.2969C>T,DCM,LMM,2,590,VUS - 4
VCL,c.3226C>T,DCM,LMM,1,590,VUS - 4
VCL,c.3373C>T,DCM,LMM,1,590,VUS - 4
VCL,c.952C>T,DCM,LMM,1,590,VUS - 4
LMNA,c.1111_1125del,DCM,LMM,1,740,Likely Pathogenic
ABCC9,c.1358G>C,DCM,LMM,1,590,VUS - 4
ABCC9,c.2000C>A,DCM,LMM,1,590,VUS - 4
ABCC9,c.2149G>A,DCM,LMM,1,590,VUS - 4
ACTC1,c.475G>A,DCM,LMM,1,748,VUS - 4
ACTC1,c.7G>C,DCM,LMM,1,748,VUS - 4
ACTN2,c.736A>G,DCM,LMM,1,590,VUS - 4
CASQ2,c.781T>C,DCM,LMM,1,121,VUS - 4
CTF1,c.341G>A,DCM,LMM,1,590,Likely Benign
DES,c.127A>G,DCM,LMM,1,590,VUS - 4
DSP,c.6885A>T,DCM,LMM,1,123,VUS - 4
DSP,c.8481_8492del,DCM,LMM,1,123,VUS - 3
DTNA,c.17G>C,DCM,LMM,1,121,VUS - 4
EMD,c.571A>G,DCM,LMM,1,590,Likely Benign
FHL2,c.391C>T,DCM,LMM,1,121,VUS - 4
LAMA4,c.1056+8_1056+9insT,DCM,LMM,1,121,Likely Benign
LAMA4,c.1901C>G,DCM,LMM,1,121,VUS - 4
LAMA4,c.2619G>T,DCM,LMM,1,121,VUS - 4
LAMA4,c.4455-3C>A,DCM,LMM,1,121,VUS - 4
LAMA4,c.4831C>T,DCM,LMM,1,121,VUS - 4
LAMP2,c.842A>G,DCM,LMM,1,223,VUS - 3
LDB3,c.1320_1343del,DCM,LMM,1,740,VUS - 4
LDB3,c.1320_1343dup,DCM,LMM,1,740,VUS - 4
LDB3,c.1475C>T,DCM,LMM,1,740,VUS - 3
LDB3,c.1907G>A,DCM,LMM,1,740,VUS - 4
LDB3,c.2155A>G,DCM,LMM,1,740,VUS - 4
LDB3,c.530C>A,DCM,LMM,1,740,VUS - 4
LDB3,c.93+7G>T,DCM,LMM,1,740,Likely Benign
LMNA,c.*6G>A,DCM,LMM,1,740,VUS - 3
LMNA,c.739G>A,DCM,LMM,1,740,VUS - 4
MYBPC3,c.1422G>C,DCM,LMM,1,756,VUS - 4
MYBPC3,c.3677G>T,DCM,LMM,1,756,VUS - 4
MYH6,c.5296A>G,DCM,LMM,1,121,VUS - 4
MYH7,c.2683C>G,DCM,LMM,1,756,VUS - 4
MYH7,c.3734T>A,DCM,LMM,1,756,VUS - 4
MYOZ2,c.77-14A>G,DCM,LMM,1,121,VUS - 3
NEXN,c.1677_1682delGGAGGA,DCM,LMM,1,156,VUS - 4
NEXN,c.1756_1758delAAG,DCM,LMM,1,156,VUS - 4
PKP2,c.214G>T,DCM,LMM,1,123,VUS - 3
PKP2,c.462C>G,DCM,LMM,1,123,VUS - 3
PRKAG2,c.620C>G,DCM,LMM,1,191,VUS - 3
RBM20,c.2728A>C,DCM,LMM,1,156,VUS - 4
RBM20,c.2737G>A,DCM,LMM,1,156,VUS - 4
RYR2,c.13541A>G,DCM,LMM,1,121,VUS - 4
RYR2,c.2334G>A,DCM,LMM,1,121,VUS - 4
RYR2,c.8309T>C,DCM,LMM,1,121,VUS - 4
SGCD,c.839C>A,DCM,LMM,1,590,VUS - 4
TAZ,c.-17C>T,DCM,LMM,1,740,Likely Benign
TAZ,c.752G>T,DCM,LMM,1,740,VUS - 4
TCAP,c.472C>A,DCM,LMM,2,590,VUS - 4
TCAP,c.493C>G,DCM,LMM,1,590,VUS - 4
TMEM43,c.297+13G>A,DCM,LMM,1,123,Likely Benign
TMEM43,c.520G>A,DCM,LMM,1,123,VUS - 4
TMEM43,c.625T>G,DCM,LMM,1,123,VUS - 3
TNNC1,c.394G>A,DCM,LMM,1,156,VUS - 4
TNNC1,c.445G>A,DCM,LMM,1,156,VUS - 4
TNNI3,c.488C>T,DCM,LMM,1,756,VUS - 4
TNNI3,c.65G>A,DCM,LMM,1,756,VUS - 4
TNNT2,c.530C>A,DCM,LMM,1,756,VUS - 4
TPM1,c.118G>T,DCM,LMM,1,756,VUS - 4
TPM1,c.2delT,DCM,LMM,1,756,VUS - 4
TPM1,c.564-10C>T,DCM,LMM,1,756,VUS - 4
TPM1,c.639+13delG,DCM,LMM,1,756,Likely Benign
TPM1,c.734C>T,DCM,LMM,1,756,VUS - 4
TPM1,c.91G>A,DCM,LMM,1,756,VUS - 4
VCL,c.1390A>C,DCM,LMM,1,590,VUS - 4
VCL,c.3092G>A,DCM,LMM,1,590,VUS - 4
VCL,c.500-5C>G,DCM,LMM,1,590,VUS - 4
ACTC1,c.1099G>A,HCM,ORGL,1,1535,Class 3-Unknown pathogenicity
ACTC1,c.850A>T,HCM,ORGL,1,1535,Class 3-Unknown pathogenicity
ACTC1,c.301G>A,HCM,ORGL,1,1535,Class 5-Certainly pathogenic
ACTC1,c.76G>A,HCM,ORGL,1,1535,Class 3-Unknown pathogenicity
ACTN2,c.690T>A,HCM,ORGL,1,807,Class 3-Unknown pathogenicity
ACTN2,c.979C>T,HCM,ORGL,1,807,Class 3-Unknown pathogenicity
ACTN2,c.1714C>T,HCM,ORGL,1,807,Class 3-Unknown pathogenicity
ACTN2,c.1771A>G,HCM,ORGL,1,807,Class 3-Unknown pathogenicity
ACTN2,c.2161C>A,HCM,ORGL,1,807,Class 3-Unknown pathogenicity
ACTN2,c.2659G>A,HCM,ORGL,1,807,Class 3-Unknown pathogenicity
ANKRD1,c.697G>C,HCM,ORGL,1,807,Class 3-Unknown pathogenicity
ANKRD1,c.670C>T,HCM,ORGL,1,807,Class 3-Unknown pathogenicity
CSRP3,c.131T>C,HCM,ORGL,2,1535,Class 4-Likely pathogenic
CSRP3,c.112+1G>A,HCM,ORGL,1,1535,Class 4-Likely pathogenic
FHL1,c.343G>T,HCM,ORGL,1,1535,Class 3-Unknown pathogenicity
FHL1,c.395G>T,HCM,ORGL,1,1535,Class 3-Unknown pathogenicity
FHL1,c.556T>C,HCM,ORGL,1,1535,Class 3-Unknown pathogenicity
FHL1,c.661T>C,HCM,ORGL,1,1535,Class 3-Unknown pathogenicity
GLA,c.1168G>A,HCM,ORGL,1,1535,Class 3-Unknown pathogenicity
GLA,c.961C>G,HCM,ORGL,1,1535,Class 4-Likely pathogenic
GLA,c.782G>T,HCM,ORGL,1,1535,Class 4-Likely pathogenic
GLA,c.776C>G,HCM,ORGL,1,1535,Class 4-Likely pathogenic
GLA,c.700_702delGAT,HCM,ORGL,1,1535,Class 4-Likely pathogenic
GLA,c.691G>A,HCM,ORGL,1,1535,Class 5-Certainly pathogenic
GLA,c.644A>G,HCM,ORGL,10,1535,Class 5-Certainly pathogenic
GLA,c.525C>G,HCM,ORGL,1,1535,Class 3-Unknown pathogenicity
GLA,c.-8C>G,HCM,ORGL,1,1535,Class 2-Unlikely pathogenic
LAMP2,c.877C>T,HCM,ORGL,1,839,Class 5-Certainly pathogenic
LAMP2,c.517G>A,HCM,ORGL,1,839,Class 3-Unknown pathogenicity
MYBPC3,c.3811C>T,HCM,ORGL,1,3267,Class 3-Unknown pathogenicity
MYBPC3,c.3771C>A,HCM,ORGL,9,3267,Class 4-Likely pathogenic
MYBPC3,c.3763G>A,HCM,ORGL,3,3267,Class 3-Unknown pathogenicity
MYBPC3,c.3713T>C,HCM,ORGL,1,3267,Class 4-Likely pathogenic
MYBPC3,c.3697C>T,HCM,ORGL,4,3267,Class 4-Likely pathogenic
MYBPC3,c.3682C>T,HCM,ORGL,3,3267,Class 3-Unknown pathogenicity
MYBPC3,c.3676C>T,HCM,ORGL,1,3267,Class 3-Unknown pathogenicity
MYBPC3,c.3656T>C,HCM,ORGL,1,3267,Class 3-Unknown pathogenicity
MYBPC3,c.3627+1G>T,HCM,ORGL,2,3267,Class 5-Certainly pathogenic
MYBPC3,c.3627+1G>A,HCM,ORGL,6,3267,Class 5-Certainly pathogenic
MYBPC3,c.3624delC,HCM,ORGL,1,3267,Class 5-Certainly pathogenic
MYBPC3,c.3617delG,HCM,ORGL,1,3267,Class 5-Certainly pathogenic
MYBPC3,c.3614G>A,HCM,ORGL,1,3267,Class 3-Unknown pathogenicity
MYBPC3,c.3613C>T,HCM,ORGL,10,3267,Class 4-Likely pathogenic
MYBPC3,c.3600_3609delCTGCTGTGCT,HCM,ORGL,3,3267,Class 5-Certainly pathogenic
MYBPC3,c.3605delG,HCM,ORGL,1,3267,Class 5-Certainly pathogenic
MYBPC3,c.3582_3593delGGGCTACACTGC,HCM,ORGL,1,3267,Class 4-Likely pathogenic
MYBPC3,c.3582_3593delGGGCTACACTGC,HCM,ORGL,1,3267,Class 5-Certainly pathogenic
MYBPC3,c.3572C>T,HCM,ORGL,1,3267,Class 3-Unknown pathogenicity
MYBPC3,c.3490+3G>A,HCM,ORGL,1,3267,Class 3-Unknown pathogenicity
MYBPC3,c.3490+1G>A,HCM,ORGL,1,3267,Class 5-Certainly pathogenic
MYBPC3,c.3470C>T,HCM,ORGL,2,3267,Class 3-Unknown pathogenicity
MYBPC3,c.3452C>T,HCM,ORGL,1,3267,Class 3-Unknown pathogenicity
MYBPC3,c.3408C>A,HCM,ORGL,3,3267,Class 5-Certainly pathogenic
MYBPC3,c.3392T>C,HCM,ORGL,3,3267,Class 3-Unknown pathogenicity
MYBPC3,c.3373G>A,HCM,ORGL,1,3267,Class 3-Unknown pathogenicity
MYBPC3,c.3330+5G>C,HCM,ORGL,6,3267,Class 5-Certainly pathogenic
MYBPC3,c.3316G>A,HCM,ORGL,1,3267,Class 3-Unknown pathogenicity
MYBPC3,c.3286G>T,HCM,ORGL,3,3267,Class 5-Certainly pathogenic
MYBPC3,c.3277G>T,HCM,ORGL,3,3267,Class 3-Unknown pathogenicity
MYBPC3,c.3257G>A,HCM,ORGL,1,3267,Class 5-Certainly pathogenic
MYBPC3,c.3253G>T,HCM,ORGL,1,3267,Class 5-Certainly pathogenic
MYBPC3,c.3226_3227insT,HCM,ORGL,12,3267,Class 5-Certainly pathogenic
MYBPC3,c.3190+5G>A,HCM,ORGL,8,3267,Class 4-Likely pathogenic
MYBPC3,c.3190+2T>G,HCM,ORGL,7,3267,Class 5-Certainly pathogenic
MYBPC3,c.3181C>T,HCM,ORGL,3,3267,Class 5-Certainly pathogenic
MYBPC3,c.3163A>T,HCM,ORGL,4,3267,Class 5-Certainly pathogenic
MYBPC3,c.3065G>C,HCM,ORGL,5,3267,Class 4-Likely pathogenic
MYBPC3,c.3064C>T,HCM,ORGL,1,3267,Class 3-Unknown pathogenicity
MYBPC3,c.3019T>C,HCM,ORGL,1,3267,Class 3-Unknown pathogenicity
MYBPC3,c.3005G>A,HCM,ORGL,2,3267,Class 3-Unknown pathogenicity
MYBPC3,c.2995-1G>A,HCM,ORGL,1,3267,Class 5-Certainly pathogenic
MYBPC3,c.2980C>T,HCM,ORGL,1,3267,Class 3-Unknown pathogenicity
MYBPC3,c.2953A>T,HCM,ORGL,1,3267,Class 5-Certainly pathogenic
MYBPC3,c.2914C>T,HCM,ORGL,3,3267,Class 3-Unknown pathogenicity
MYBPC3,c.2909G>A,HCM,ORGL,1,3267,Class 4-Likely pathogenic
MYBPC3,c.2905+5G>A,HCM,ORGL,2,3267,Class 4-Likely pathogenic
MYBPC3,c.2905+1G>A,HCM,ORGL,3,3267,Class 5-Certainly pathogenic
MYBPC3,c.2905C>T,HCM,ORGL,2,3267,Class 5-Certainly pathogenic
MYBPC3,c.2873C>T,HCM,ORGL,1,3267,Class 3-Unknown pathogenicity
MYBPC3,c.2864_2865delCT,HCM,ORGL,8,3267,Class 5-Certainly pathogenic
MYBPC3,c.2827C>T,HCM,ORGL,11,3267,Class 5-Certainly pathogenic
MYBPC3,c.2761C>G,HCM,ORGL,1,3267,Class 3-Unknown pathogenicity
MYBPC3,c.2728C>A,HCM,ORGL,1,3267,Class 3-Unknown pathogenicity
MYBPC3,c.2618C>A,HCM,ORGL,1,3267,Class 3-Unknown pathogenicity
MYBPC3,c.2610delC,HCM,ORGL,5,3267,Class 5-Certainly pathogenic
MYBPC3,c.2604_2605delinsA,HCM,ORGL,8,3267,Class 5-Certainly pathogenic
MYBPC3,c.2573G>A,HCM,ORGL,2,3267,Class 4-Likely pathogenic
MYBPC3,c.2558delG,HCM,ORGL,1,3267,Class 5-Certainly pathogenic
MYBPC3,c.2556_2557delinsTCT,HCM,ORGL,4,3267,Class 5-Certainly pathogenic
MYBPC3,c.2534_2538delGCGTC,HCM,ORGL,1,3267,Class 5-Certainly pathogenic
MYBPC3,c.2526C>G,HCM,ORGL,2,3267,Class 5-Certainly pathogenic
MYBPC3,c.2504G>T,HCM,ORGL,1,3267,Class 4-Likely pathogenic
MYBPC3,c.2503C>T,HCM,ORGL,1,3267,Class 3-Unknown pathogenicity
MYBPC3,c.2459G>A,HCM,ORGL,5,3267,Class 3-Unknown pathogenicity
MYBPC3,c.2449C>T,HCM,ORGL,1,3267,Class 3-Unknown pathogenicity
MYBPC3,c.2441_2443delAGA,HCM,ORGL,8,3267,Class 4-Likely pathogenic
MYBPC3,c.2432A>G,HCM,ORGL,2,3267,Class 3-Unknown pathogenicity
MYBPC3,c.2429G>A,HCM,ORGL,11,3267,Class 3-Unknown pathogenicity
MYBPC3,c.2304_2308+2delCATCGGT,HCM,ORGL,1,3267,Class 5-Certainly pathogenic
MYBPC3,c.2308+1G>A,HCM,ORGL,2,3267,Class 5-Certainly pathogenic
MYBPC3,c.2308G>A,HCM,ORGL,5,3267,Class 4-Likely pathogenic
MYBPC3,c.2300A>G,HCM,ORGL,2,3267,Class 3-Unknown pathogenicity
MYBPC3,c.2269G>A,HCM,ORGL,1,3267,Class 3-Unknown pathogenicity
MYBPC3,c.2267delC,HCM,ORGL,5,3267,Class 5-Certainly pathogenic
MYBPC3,c.2265C>A,HCM,ORGL,1,3267,Class 5-Certainly pathogenic
MYBPC3,c.2249C>T,HCM,ORGL,1,3267,Class 4-Likely pathogenic
MYBPC3,c.2210C>T,HCM,ORGL,3,3267,Class 3-Unknown pathogenicity
MYBPC3,c.2198G>A,HCM,ORGL,1,3267,Class 3-Unknown pathogenicity
MYBPC3,c.2197C>T,HCM,ORGL,1,3267,Class 4-Likely pathogenic
MYBPC3,c.2149-3C>G,HCM,ORGL,1,3267,Class 4-Likely pathogenic
MYBPC3,c.2096delC,HCM,ORGL,15,3267,Class 5-Certainly pathogenic
MYBPC3,c.2030C>T,HCM,ORGL,1,3267,Class 3-Unknown pathogenicity
MYBPC3,c.2003G>A,HCM,ORGL,5,3267,Class 3-Unknown pathogenicity
MYBPC3,c.1999_2000delinsG,HCM,ORGL,1,3267,Class 5-Certainly pathogenic
MYBPC3,c.1928-2A>G,HCM,ORGL,10,3267,Class 5-Certainly pathogenic
MYBPC3,c.1898-1G>A,HCM,ORGL,1,3267,Class 5-Certainly pathogenic
MYBPC3,c.1841A>G,HCM,ORGL,1,3267,Class 3-Unknown pathogenicity
MYBPC3,c.1828G>C,HCM,ORGL,1,3267,Class 3-Unknown pathogenicity
MYBPC3,c.1828G>A,HCM,ORGL,2,3267,Class 3-Unknown pathogenicity
MYBPC3,c.1822C>T,HCM,ORGL,1,3267,Class 3-Unknown pathogenicity
MYBPC3,c.1814A>G,HCM,ORGL,2,3267,Class 3-Unknown pathogenicity
MYBPC3,c.1790G>A,HCM,ORGL,1,3267,Class 3-Unknown pathogenicity
MYBPC3,c.1789C>T,HCM,ORGL,1,3267,Class 3-Unknown pathogenicity
MYBPC3,c.1786G>A,HCM,ORGL,2,3267,Class 3-Unknown pathogenicity
MYBPC3,c.1721G>A,HCM,ORGL,1,3267,Class 3-Unknown pathogenicity
MYBPC3,c.1720C>T,HCM,ORGL,3,3267,Class 3-Unknown pathogenicity
MYBPC3,c.1685C>T,HCM,ORGL,1,3267,Class 3-Unknown pathogenicity
MYBPC3,c.1624+4A>T,HCM,ORGL,35,3267,Class 5-Certainly pathogenic
MYBPC3,c.1624+1G>A,HCM,ORGL,1,3267,Class 5-Certainly pathogenic
MYBPC3,c.1624G>C,HCM,ORGL,24,3267,Class 5-Certainly pathogenic
MYBPC3,c.1591G>A,HCM,ORGL,1,3267,Class 4-Likely pathogenic
MYBPC3,c.1505G>A,HCM,ORGL,2,3267,Class 5-Certainly pathogenic
MYBPC3,c.1504C>T,HCM,ORGL,59,3267,Class 5-Certainly pathogenic
MYBPC3,c.1484G>A,HCM,ORGL,4,3267,Class 4-Likely pathogenic
MYBPC3,c.1483C>T,HCM,ORGL,2,3267,Class 4-Likely pathogenic
MYBPC3,c.1483C>G,HCM,ORGL,10,3267,Class 4-Likely pathogenic
MYBPC3,c.1471G>A,HCM,ORGL,1,3267,Class 3-Unknown pathogenicity
MYBPC3,c.1468G>A,HCM,ORGL,4,3267,Class 3-Unknown pathogenicity
MYBPC3,c.1458-6G>A,HCM,ORGL,1,3267,Class 3-Unknown pathogenicity
MYBPC3,c.1456T>G,HCM,ORGL,1,3267,Class 3-Unknown pathogenicity
MYBPC3,c.1433C>T,HCM,ORGL,1,3267,Class 4-Likely pathogenic
MYBPC3,c.1377delC,HCM,ORGL,1,3267,Class 5-Certainly pathogenic
MYBPC3,c.1351+1G>A,HCM,ORGL,1,3267,Class 5-Certainly pathogenic
MYBPC3,c.1321G>A,HCM,ORGL,2,3267,Class 3-Unknown pathogenicity
MYBPC3,c.1303C>T,HCM,ORGL,1,3267,Class 5-Certainly pathogenic
MYBPC3,c.1291G>A,HCM,ORGL,1,3267,Class 3-Unknown pathogenicity
MYBPC3,c.1286C>T,HCM,ORGL,2,3267,Class 3-Unknown pathogenicity
MYBPC3,c.1273C>T,HCM,ORGL,1,3267,Class 5-Certainly pathogenic
MYBPC3,c.1213A>G,HCM,ORGL,1,3267,Class 3-Unknown pathogenicity
MYBPC3,c.1153G>A,HCM,ORGL,1,3267,Class 3-Unknown pathogenicity
MYBPC3,c.1123G>A,HCM,ORGL,3,3267,Class 3-Unknown pathogenicity
MYBPC3,c.1112C>T,HCM,ORGL,1,3267,Class 3-Unknown pathogenicity
MYBPC3,c.1090+1G>T,HCM,ORGL,1,3267,Class 5-Certainly pathogenic
MYBPC3,c.1090+1G>A,HCM,ORGL,1,3267,Class 5-Certainly pathogenic
MYBPC3,c.1072G>A,HCM,ORGL,1,3267,Class 3-Unknown pathogenicity
MYBPC3,c.1037G>A,HCM,ORGL,1,3267,Class 3-Unknown pathogenicity
MYBPC3,c.1021G>C,HCM,ORGL,1,3267,Class 3-Unknown pathogenicity
MYBPC3,c.1021G>A,HCM,ORGL,1,3267,Class 3-Unknown pathogenicity
MYBPC3,c.994G>A,HCM,ORGL,1,3267,Class 3-Unknown pathogenicity
MYBPC3,c.982delG,HCM,ORGL,1,3267,Class 5-Certainly pathogenic
MYBPC3,c.961G>A,HCM,ORGL,3,3267,Class 3-Unknown pathogenicity
MYBPC3,c.932C>A,HCM,ORGL,1,3267,Class 5-Certainly pathogenic
MYBPC3,c.927-2A>G,HCM,ORGL,8,3267,Class 5-Certainly pathogenic
MYBPC3,c.844C>T,HCM,ORGL,1,3267,Class 4-Likely pathogenic
MYBPC3,c.833delG,HCM,ORGL,2,3267,Class 5-Certainly pathogenic
MYBPC3,c.821+5G>A,HCM,ORGL,1,3267,Class 5-Certainly pathogenic
MYBPC3,c.821+3G>T,HCM,ORGL,1,3267,Class 3-Unknown pathogenicity
MYBPC3,c.821+2T>C,HCM,ORGL,4,3267,Class 5-Certainly pathogenic
MYBPC3,c.821+1G>A,HCM,ORGL,1,3267,Class 5-Certainly pathogenic
MYBPC3,c.818G>A,HCM,ORGL,2,3267,Class 3-Unknown pathogenicity
MYBPC3,c.811_817delTTCCGCC,HCM,ORGL,1,3267,Class 5-Certainly pathogenic
MYBPC3,c.799C>G,HCM,ORGL,1,3267,Class 3-Unknown pathogenicity
MYBPC3,c.772+5G>A,HCM,ORGL,1,3267,Class 5-Certainly pathogenic
MYBPC3,c.772+1G>A,HCM,ORGL,1,3267,Class 5-Certainly pathogenic
MYBPC3,c.772G>A,HCM,ORGL,47,3267,Class 5-Certainly pathogenic
MYBPC3,c.743_746delACTG,HCM,ORGL,1,3267,Class 5-Certainly pathogenic
MYBPC3,c.711C>A,HCM,ORGL,1,3267,Class 5-Certainly pathogenic
MYBPC3,c.710A>C,HCM,ORGL,3,3267,Class 4-Likely pathogenic
MYBPC3,c.655G>C,HCM,ORGL,18,3267,Class 4-Likely pathogenic
MYBPC3,c.646G>A,HCM,ORGL,1,3267,Class 3-Unknown pathogenicity
MYBPC3,c.643C>T,HCM,ORGL,1,3267,Class 3-Unknown pathogenicity
MYBPC3,c.631G>A,HCM,ORGL,1,3267,Class 3-Unknown pathogenicity
MYBPC3,c.624G>C,HCM,ORGL,1,3267,Class 3-Unknown pathogenicity
MYBPC3,c.557C>T,HCM,ORGL,2,3267,Class 3-Unknown pathogenicity
MYBPC3,c.532G>A,HCM,ORGL,1,3267,Class 3-Unknown pathogenicity
MYBPC3,c.506-1G>A,HCM,ORGL,1,3267,Class 5-Certainly pathogenic
MYBPC3,c.459delC,HCM,ORGL,1,3267,Class 5-Certainly pathogenic
MYBPC3,c.442G>A,HCM,ORGL,4,3267,Class 4-Likely pathogenic
MYBPC3,c.373G>T,HCM,ORGL,1,3267,Class 3-Unknown pathogenicity
MYBPC3,c.188G>A,HCM,ORGL,1,3267,Class 3-Unknown pathogenicity
MYBPC3,c.177_187del,HCM,ORGL,2,3267,Class 5-Certainly pathogenic
MYBPC3,c.187C>T,HCM,ORGL,1,3267,Class 3-Unknown pathogenicity
MYBPC3,c.184A>C,HCM,ORGL,4,3267,Class 3-Unknown pathogenicity
MYBPC3,c.146_148delTCA,HCM,ORGL,1,3267,Class 3-Unknown pathogenicity
MYBPC3,c.148A>G,HCM,ORGL,1,3267,Class 3-Unknown pathogenicity
MYBPC3,c.49C>T,HCM,ORGL,1,3267,Class 3-Unknown pathogenicity
MYH7,c.5740G>A,HCM,ORGL,1,3200,Class 3-Unknown pathogenicity
MYH7,c.5725C>T,HCM,ORGL,1,3200,Class 3-Unknown pathogenicity
MYH7,c.5704G>C,HCM,ORGL,1,3200,Class 3-Unknown pathogenicity
MYH7,c.5647G>A,HCM,ORGL,1,3200,Class 3-Unknown pathogenicity
MYH7,c.5587C>T,HCM,ORGL,1,3200,Class 3-Unknown pathogenicity
MYH7,c.5561C>T,HCM,ORGL,2,3200,Class 3-Unknown pathogenicity
MYH7,c.5380C>A,HCM,ORGL,1,3200,Class 3-Unknown pathogenicity
MYH7,c.5329G>A,HCM,ORGL,2,3200,Class 3-Unknown pathogenicity
MYH7,c.5326A>G,HCM,ORGL,1,3200,Class 4-Likely pathogenic
MYH7,c.5135G>A,HCM,ORGL,8,3200,Class 3-Unknown pathogenicity
MYH7,c.5088G>C,HCM,ORGL,1,3200,Class 3-Unknown pathogenicity
MYH7,c.5029C>T,HCM,ORGL,1,3200,Class 3-Unknown pathogenicity
MYH7,c.5002A>G,HCM,ORGL,1,3200,Class 3-Unknown pathogenicity
MYH7,c.4985G>A,HCM,ORGL,1,3200,Class 3-Unknown pathogenicity
MYH7,c.4954G>T,HCM,ORGL,1,3200,Class 3-Unknown pathogenicity
MYH7,c.4817G>A,HCM,ORGL,1,3200,Class 3-Unknown pathogenicity
MYH7,c.4787C>T,HCM,ORGL,1,3200,Class 3-Unknown pathogenicity
MYH7,c.4399C>G,HCM,ORGL,2,3200,Class 3-Unknown pathogenicity
MYH7,c.4377G>T,HCM,ORGL,5,3200,Class 3-Unknown pathogenicity
MYH7,c.4276G>A,HCM,ORGL,1,3200,Class 3-Unknown pathogenicity
MYH7,c.4259G>A,HCM,ORGL,1,3200,Class 3-Unknown pathogenicity
MYH7,c.4258C>T,HCM,ORGL,1,3200,Class 3-Unknown pathogenicity
MYH7,c.4144C>T,HCM,ORGL,1,3200,Class 3-Unknown pathogenicity
MYH7,c.4135G>A,HCM,ORGL,5,3200,Class 5-Certainly pathogenic
MYH7,c.4130C>T,HCM,ORGL,5,3200,Class 3-Unknown pathogenicity
MYH7,c.4124A>G,HCM,ORGL,2,3200,Class 3-Unknown pathogenicity
MYH7,c.4066G>A,HCM,ORGL,5,3200,Class 4-Likely pathogenic
MYH7,c.4048G>A,HCM,ORGL,1,3200,Class 3-Unknown pathogenicity
MYH7,c.4030C>T,HCM,ORGL,1,3200,Class 3-Unknown pathogenicity
MYH7,c.4004C>T,HCM,ORGL,1,3200,Class 3-Unknown pathogenicity
MYH7,c.4000C>T,HCM,ORGL,1,3200,Class 3-Unknown pathogenicity
MYH7,c.3981C>A,HCM,ORGL,1,3200,Class 3-Unknown pathogenicity
MYH7,c.3974C>T,HCM,ORGL,1,3200,Class 3-Unknown pathogenicity
MYH7,c.3637G>A,HCM,ORGL,1,3200,Class 3-Unknown pathogenicity
MYH7,c.3622G>A,HCM,ORGL,1,3200,Class 3-Unknown pathogenicity
MYH7,c.3578G>A,HCM,ORGL,1,3200,Class 3-Unknown pathogenicity
MYH7,c.3493A>G,HCM,ORGL,1,3200,Class 3-Unknown pathogenicity
MYH7,c.3346G>A,HCM,ORGL,1,3200,Class 3-Unknown pathogenicity
MYH7,c.3286G>T,HCM,ORGL,1,3200,Class 3-Unknown pathogenicity
MYH7,c.3208G>A,HCM,ORGL,1,3200,Class 3-Unknown pathogenicity
MYH7,c.3170G>A,HCM,ORGL,1,3200,Class 3-Unknown pathogenicity
MYH7,c.3158G>A,HCM,ORGL,6,3200,Class 4-Likely pathogenic
MYH7,c.3138G>A,HCM,ORGL,1,3200,Class 3-Unknown pathogenicity
MYH7,c.3134G>T,HCM,ORGL,1,3200,Class 3-Unknown pathogenicity
MYH7,c.3133C>T,HCM,ORGL,1,3200,Class 4-Likely pathogenic
MYH7,c.3046A>G,HCM,ORGL,1,3200,Class 3-Unknown pathogenicity
MYH7,c.2890G>C,HCM,ORGL,6,3200,Class 3-Unknown pathogenicity
MYH7,c.2791_2793delGAG,HCM,ORGL,1,3200,Class 4-Likely pathogenic
MYH7,c.2788G>A,HCM,ORGL,1,3200,Class 4-Likely pathogenic
MYH7,c.2785G>A,HCM,ORGL,1,3200,Class 4-Likely pathogenic
MYH7,c.2779G>A,HCM,ORGL,3,3200,Class 3-Unknown pathogenicity
MYH7,c.2776C>G,HCM,ORGL,1,3200,Class 3-Unknown pathogenicity
MYH7,c.2770G>C,HCM,ORGL,1,3200,Class 3-Unknown pathogenicity
MYH7,c.2770G>A,HCM,ORGL,5,3200,Class 5-Certainly pathogenic
MYH7,c.2738T>C,HCM,ORGL,1,3200,Class 3-Unknown pathogenicity
MYH7,c.2722C>G,HCM,ORGL,5,3200,Class 5-Certainly pathogenic
MYH7,c.2717A>G,HCM,ORGL,7,3200,Class 4-Likely pathogenic
MYH7,c.2711G>A,HCM,ORGL,1,3200,Class 3-Unknown pathogenicity
MYH7,c.2701G>C,HCM,ORGL,1,3200,Class 4-Likely pathogenic
MYH7,c.2681A>G,HCM,ORGL,7,3200,Class 4-Likely pathogenic
MYH7,c.2680G>A,HCM,ORGL,1,3200,Class 3-Unknown pathogenicity
MYH7,c.2623_2625delGAG,HCM,ORGL,1,3200,Class 4-Likely pathogenic
MYH7,c.2609G>A,HCM,ORGL,13,3200,Class 5-Certainly pathogenic
MYH7,c.2606G>A,HCM,ORGL,1,3200,Class 4-Likely pathogenic
MYH7,c.2602G>C,HCM,ORGL,1,3200,Class 3-Unknown pathogenicity
MYH7,c.2573G>A,HCM,ORGL,1,3200,Class 4-Likely pathogenic
MYH7,c.2572C>T,HCM,ORGL,2,3200,Class 3-Unknown pathogenicity
MYH7,c.2555T>C,HCM,ORGL,1,3200,Class 4-Likely pathogenic
MYH7,c.2549C>A,HCM,ORGL,1,3200,Class 4-Likely pathogenic
MYH7,c.2546T>C,HCM,ORGL,1,3200,Class 4-Likely pathogenic
MYH7,c.2539A>G,HCM,ORGL,10,3200,Class 4-Likely pathogenic
MYH7,c.2536G>C,HCM,ORGL,2,3200,Class 3-Unknown pathogenicity
MYH7,c.2471T>C,HCM,ORGL,1,3200,Class 3-Unknown pathogenicity
MYH7,c.2389G>C,HCM,ORGL,1,3200,Class 4-Likely pathogenic
MYH7,c.2389G>A,HCM,ORGL,24,3200,Class 5-Certainly pathogenic
MYH7,c.2359C>T,HCM,ORGL,2,3200,Class 4-Likely pathogenic
MYH7,c.2348G>A,HCM,ORGL,8,3200,Class 4-Likely pathogenic
MYH7,c.2302G>A,HCM,ORGL,3,3200,Class 4-Likely pathogenic
MYH7,c.2296A>C,HCM,ORGL,1,3200,Class 4-Likely pathogenic
MYH7,c.2221G>T,HCM,ORGL,8,3200,Class 5-Certainly pathogenic
MYH7,c.2221G>A,HCM,ORGL,1,3200,Class 5-Certainly pathogenic
MYH7,c.2220G>T,HCM,ORGL,2,3200,Class 4-Likely pathogenic
MYH7,c.2207T>C,HCM,ORGL,6,3200,Class 5-Certainly pathogenic
MYH7,c.2183C>T,HCM,ORGL,1,3200,Class 3-Unknown pathogenicity
MYH7,c.2167C>T,HCM,ORGL,4,3200,Class 5-Certainly pathogenic
MYH7,c.2167C>G,HCM,ORGL,1,3200,Class 5-Certainly pathogenic
MYH7,c.2156G>A,HCM,ORGL,1,3200,Class 5-Certainly pathogenic
MYH7,c.2155C>T,HCM,ORGL,5,3200,Class 5-Certainly pathogenic
MYH7,c.2129C>A,HCM,ORGL,1,3200,Class 4-Likely pathogenic
MYH7,c.2104A>G,HCM,ORGL,1,3200,Class 3-Unknown pathogenicity
MYH7,c.2081G>A,HCM,ORGL,1,3200,Class 4-Likely pathogenic
MYH7,c.2069T>C,HCM,ORGL,1,3200,Class 4-Likely pathogenic
MYH7,c.2011C>T,HCM,ORGL,2,3200,Class 4-Likely pathogenic
MYH7,c.1988G>A,HCM,ORGL,17,3200,Class 5-Certainly pathogenic
MYH7,c.1954A>G,HCM,ORGL,2,3200,Class 4-Likely pathogenic
MYH7,c.1856C>T,HCM,ORGL,3,3200,Class 3-Unknown pathogenicity
MYH7,c.1816G>A,HCM,ORGL,13,3200,Class 5-Certainly pathogenic
MYH7,c.1759G>A,HCM,ORGL,1,3200,Class 4-Likely pathogenic
MYH7,c.1757T>C,HCM,ORGL,1,3200,Class 4-Likely pathogenic
MYH7,c.1625A>G,HCM,ORGL,1,3200,Class 3-Unknown pathogenicity
MYH7,c.1544T>C,HCM,ORGL,1,3200,Class 5-Certainly pathogenic
MYH7,c.1477A>G,HCM,ORGL,1,3200,Class 4-Likely pathogenic
MYH7,c.1447G>A,HCM,ORGL,2,3200,Class 5-Certainly pathogenic
MYH7,c.1436A>G,HCM,ORGL,1,3200,Class 4-Likely pathogenic
MYH7,c.1405G>A,HCM,ORGL,2,3200,Class 3-Unknown pathogenicity
MYH7,c.1370T>C,HCM,ORGL,3,3200,Class 4-Likely pathogenic
MYH7,c.1358G>A,HCM,ORGL,1,3200,Class 4-Likely pathogenic
MYH7,c.1357C>T,HCM,ORGL,10,3200,Class 5-Certainly pathogenic
MYH7,c.1324C>T,HCM,ORGL,2,3200,Class 4-Likely pathogenic
MYH7,c.1318G>A,HCM,ORGL,2,3200,Class 3-Unknown pathogenicity
MYH7,c.1231G>A,HCM,ORGL,2,3200,Class 4-Likely pathogenic
MYH7,c.1216G>A,HCM,ORGL,1,3200,Class 4-Likely pathogenic
MYH7,c.1208G>T,HCM,ORGL,1,3200,Class 5-Certainly pathogenic
MYH7,c.1208G>A,HCM,ORGL,4,3200,Class 5-Certainly pathogenic
MYH7,c.1207C>T,HCM,ORGL,6,3200,Class 5-Certainly pathogenic
MYH7,c.1182C>A,HCM,ORGL,2,3200,Class 3-Unknown pathogenicity
MYH7,c.1063G>A,HCM,ORGL,10,3200,Class 4-Likely pathogenic
MYH7,c.1051A>G,HCM,ORGL,2,3200,Class 4-Likely pathogenic
MYH7,c.1045A>G,HCM,ORGL,2,3200,Class 3-Unknown pathogenicity
MYH7,c.983A>G,HCM,ORGL,1,3200,Class 4-Likely pathogenic
MYH7,c.976G>C,HCM,ORGL,2,3200,Class 4-Likely pathogenic
MYH7,c.958G>A,HCM,ORGL,4,3200,Class 3-Unknown pathogenicity
MYH7,c.925G>A,HCM,ORGL,1,3200,Class 4-Likely pathogenic
MYH7,c.809A>G,HCM,ORGL,1,3200,Class 3-Unknown pathogenicity
MYH7,c.799C>G,HCM,ORGL,1,3200,Class 4-Likely pathogenic
MYH7,c.789A>G,HCM,ORGL,1,3200,Class 4-Likely pathogenic
MYH7,c.788T>C,HCM,ORGL,1,3200,Class 5-Certainly pathogenic
MYH7,c.767G>A,HCM,ORGL,2,3200,Class 4-Likely pathogenic
MYH7,c.746G>A,HCM,ORGL,3,3200,Class 5-Certainly pathogenic
MYH7,c.728G>A,HCM,ORGL,1,3200,Class 4-Likely pathogenic
MYH7,c.715G>A,HCM,ORGL,3,3200,Class 4-Likely pathogenic
MYH7,c.641G>A,HCM,ORGL,2,3200,Class 4-Likely pathogenic
MYH7,c.632C>T,HCM,ORGL,1,3200,Class 4-Likely pathogenic
MYH7,c.619A>C,HCM,ORGL,1,3200,Class 4-Likely pathogenic
MYH7,c.611G>A,HCM,ORGL,3,3200,Class 3-Unknown pathogenicity
MYH7,c.610C>T,HCM,ORGL,1,3200,Class 4-Likely pathogenic
MYH7,c.508G>A,HCM,ORGL,4,3200,Class 5-Certainly pathogenic
MYH7,c.428G>A,HCM,ORGL,2,3200,Class 4-Likely pathogenic
MYH7,c.427C>T,HCM,ORGL,2,3200,Class 4-Likely pathogenic
MYH7,c.343T>C,HCM,ORGL,4,3200,Class 4-Likely pathogenic
MYH7,c.298G>A,HCM,ORGL,1,3200,Class 3-Unknown pathogenicity
MYL2,c.257T>C,HCM,ORGL,2,1535,Class 3-Unknown pathogenicity
MYL2,c.173G>A,HCM,ORGL,2,1535,Class 5-Certainly pathogenic
MYL2,c.141C>A,HCM,ORGL,5,1535,Class 3-Unknown pathogenicity
MYL2,c.80A>G,HCM,ORGL,1,1535,Class 3-Unknown pathogenicity
MYL2,c.64G>A,HCM,ORGL,3,1535,Class 5-Certainly pathogenic
MYL3,c.521C>T,HCM,ORGL,1,1535,Class 3-Unknown pathogenicity
MYL3,c.466G>C,HCM,ORGL,1,1535,Class 3-Unknown pathogenicity
MYL3,c.463C>G,HCM,ORGL,2,1535,Class 5-Certainly pathogenic
MYL3,c.461G>A,HCM,ORGL,1,1535,Class 3-Unknown pathogenicity
MYL3,c.460C>T,HCM,ORGL,1,1535,Class 3-Unknown pathogenicity
MYL3,c.454G>A,HCM,ORGL,1,1535,Class 3-Unknown pathogenicity
MYL3,c.445A>G,HCM,ORGL,1,1535,Class 5-Certainly pathogenic
MYL3,c.188G>A,HCM,ORGL,1,1535,Class 3-Unknown pathogenicity
MYL3,c.170C>A,HCM,ORGL,2,1535,Class 2-Unlikely pathogenic
PRKAG2,c.1703C>T,HCM,ORGL,1,1535,Class 3-Unknown pathogenicity
PRKAG2,c.1648A>C,HCM,ORGL,1,1535,Class 3-Unknown pathogenicity
PRKAG2,c.1592G>A,HCM,ORGL,1,1535,Class 5-Certainly pathogenic
PRKAG2,c.1475T>A,HCM,ORGL,1,1535,Class 3-Unknown pathogenicity
PRKAG2,c.1304A>G,HCM,ORGL,1,1535,Class 3-Unknown pathogenicity
PRKAG2,c.1267C>A,HCM,ORGL,1,1535,Class 3-Unknown pathogenicity
PRKAG2,c.905G>A,HCM,ORGL,2,1535,Class 5-Certainly pathogenic
PRKAG2,c.431C>T,HCM,ORGL,2,1535,Class 3-Unknown pathogenicity
PRKAG2,c.247C>T,HCM,ORGL,1,1535,Class 3-Unknown pathogenicity
TNNI3,c.626A>C,HCM,ORGL,1,3135,Class 4-Likely pathogenic
TNNI3,c.625G>A,HCM,ORGL,1,3135,Class 3-Unknown pathogenicity
TNNI3,c.611G>A,HCM,ORGL,1,3135,Class 4-Likely pathogenic
TNNI3,c.607G>C,HCM,ORGL,1,3135,Class 4-Likely pathogenic
TNNI3,c.602T>C,HCM,ORGL,1,3135,Class 4-Likely pathogenic
TNNI3,c.596G>A,HCM,ORGL,2,3135,Class 4-Likely pathogenic
TNNI3,c.590C>G,HCM,ORGL,1,3135,Class 3-Unknown pathogenicity
TNNI3,c.586G>A,HCM,ORGL,4,3135,Class 4-Likely pathogenic
TNNI3,c.581A>C,HCM,ORGL,1,3135,Class 3-Unknown pathogenicity
TNNI3,c.557G>A,HCM,ORGL,2,3135,Class 5-Certainly pathogenic
TNNI3,c.532A>G,HCM,ORGL,1,3135,Class 5-Certainly pathogenic
TNNI3,c.511G>A,HCM,ORGL,1,3135,Class 4-Likely pathogenic
TNNI3,c.485G>A,HCM,ORGL,4,3135,Class 3-Unknown pathogenicity
TNNI3,c.484C>T,HCM,ORGL,7,3135,Class 3-Unknown pathogenicity
TNNI3,c.470C>T,HCM,ORGL,3,3135,Class 4-Likely pathogenic
TNNI3,c.439G>C,HCM,ORGL,1,3135,Class 3-Unknown pathogenicity
TNNI3,c.433C>T,HCM,ORGL,10,3135,Class 5-Certainly pathogenic
TNNI3,c.433C>G,HCM,ORGL,2,3135,Class 5-Certainly pathogenic
TNNI3,c.431T>C,HCM,ORGL,1,3135,Class 4-Likely pathogenic
TNNI3,c.422G>A,HCM,ORGL,6,3135,Class 4-Likely pathogenic
TNNI3,c.407G>A,HCM,ORGL,3,3135,Class 4-Likely pathogenic
TNNI3,c.389A>G,HCM,ORGL,1,3135,Class 4-Likely pathogenic
TNNI3,c.292C>T,HCM,ORGL,1,3135,Class 3-Unknown pathogenicity
TNNT2,c.856C>T,HCM,ORGL,4,3191,Class 4-Likely pathogenic
TNNT2,c.833G>C,HCM,ORGL,5,3191,Class 4-Likely pathogenic
TNNT2,c.833G>A,HCM,ORGL,1,3191,Class 3-Unknown pathogenicity
TNNT2,c.821+1G>C,HCM,ORGL,1,3191,Class 5-Certainly pathogenic
TNNT2,c.805A>G,HCM,ORGL,1,3191,Class 3-Unknown pathogenicity
TNNT2,c.785A>G,HCM,ORGL,4,3191,Class 3-Unknown pathogenicity
TNNT2,c.732G>T,HCM,ORGL,3,3191,Class 3-Unknown pathogenicity
TNNT2,c.662T>C,HCM,ORGL,2,3191,Class 3-Unknown pathogenicity
TNNT2,c.571-1G>A,HCM,ORGL,4,3191,Class 3-Unknown pathogenicity
TNNT2,c.487_489delGAG,HCM,ORGL,5,3191,Class 5-Certainly pathogenic
TNNT2,c.487G>A,HCM,ORGL,1,3191,Class 4-Likely pathogenic
TNNT2,c.460-1G>C,HCM,ORGL,1,3191,Class 3-Unknown pathogenicity
TNNT2,c.451C>T,HCM,ORGL,1,3191,Class 3-Unknown pathogenicity
TNNT2,c.400C>T,HCM,ORGL,1,3191,Class 3-Unknown pathogenicity
TNNT2,c.392G>A,HCM,ORGL,1,3191,Class 3-Unknown pathogenicity
TNNT2,c.388C>T,HCM,ORGL,2,3191,Class 4-Likely pathogenic
TNNT2,c.311C>T,HCM,ORGL,1,3191,Class 3-Unknown pathogenicity
TNNT2,c.291G>T,HCM,ORGL,1,3191,Class 4-Likely pathogenic
TNNT2,c.281G>T,HCM,ORGL,3,3191,Class 4-Likely pathogenic
TNNT2,c.275G>A,HCM,ORGL,1,3191,Class 5-Certainly pathogenic
TNNT2,c.274C>T,HCM,ORGL,5,3191,Class 5-Certainly pathogenic
TNNT2,c.236T>A,HCM,ORGL,8,3191,Class 5-Certainly pathogenic
TNNT2,c.147_149delAGA,HCM,ORGL,1,3191,Class 3-Unknown pathogenicity
TNNT2,c.145G>C,HCM,ORGL,1,3191,Class 3-Unknown pathogenicity
TNNT2,c.-3A>G,HCM,ORGL,2,3191,Class 3-Unknown pathogenicity
TPM1,c.82G>C,HCM,ORGL,1,1535,Class 3-Unknown pathogenicity
TPM1,c.523G>A,HCM,ORGL,4,1535,Class 5-Certainly pathogenic
TPM1,c.548C>T,HCM,ORGL,2,1535,Class 3-Unknown pathogenicity
TPM1,c.644C>T,HCM,ORGL,1,1535,Class 3-Unknown pathogenicity
TPM1,c.715G>A,HCM,ORGL,1,1535,Class 3-Unknown pathogenicity
TPM1,c.797A>G,HCM,ORGL,2,1535,Class 3-Unknown pathogenicity
TPM1,c.850A>G,HCM,ORGL,1,1535,Class 3-Unknown pathogenicity
ACTC1,c.1069A>G,HCM,ORGL,1,1535,Class 3-Unknown pathogenicity
ACTC1,c.797C>T,HCM,ORGL,1,1535,Class 3-Unknown pathogenicity
ACTC1,c.752C>G,HCM,ORGL,1,1535,Class 3-Unknown pathogenicity
ACTC1,c.124C>T,HCM,ORGL,1,1535,Class 3-Unknown pathogenicity
ACTC1,c.110T>C,HCM,ORGL,1,1535,Class 3-Unknown pathogenicity
ACTN2,c.58A>G,HCM,ORGL,1,807,Class 3-Unknown pathogenicity
ACTN2,c.274A>G,HCM,ORGL,1,807,Class 3-Unknown pathogenicity
ACTN2,c.1958T>C,HCM,ORGL,1,807,Class 3-Unknown pathogenicity
ANKRD1,c.373_374del,HCM,ORGL,1,807,Class 3-Unknown pathogenicity
ANKRD1,c.78G>C,HCM,ORGL,1,807,Class 3-Unknown pathogenicity
FHL1,c.113A>G,HCM,ORGL,4,1535,Class 3-Unknown pathogenicity
FHL1,c.142G>A,HCM,ORGL,1,1535,Class 3-Unknown pathogenicity
FHL1,c.211T>A,HCM,ORGL,1,1535,Class 3-Unknown pathogenicity
FHL1,c.221C>G,HCM,ORGL,1,1535,Class 3-Unknown pathogenicity
FHL1,c.280A>G,HCM,ORGL,1,1535,Class 3-Unknown pathogenicity
FHL1,c.331G>T,HCM,ORGL,1,1535,Class 5-Certainly pathogenic
FHL1,c.523A>C,HCM,ORGL,1,1535,Class 3-Unknown pathogenicity
LAMP2,c.1058A>C,HCM,ORGL,1,839,Class 4-Likely pathogenic
LAMP2,c.973del,HCM,ORGL,2,839,Class 5-Certainly pathogenic
LAMP2,c.929-2A>G,HCM,ORGL,1,839,Class 5-Certainly pathogenic
LAMP2,c.865-3C>G,HCM,ORGL,1,839,Class 3-Unknown pathogenicity
LAMP2,c.795C>A,HCM,ORGL,1,839,Class 5-Certainly pathogenic
LAMP2,c.270_274del,HCM,ORGL,1,839,Class 5-Certainly pathogenic
LAMP2,c.222_223del,HCM,ORGL,1,839,Class 5-Certainly pathogenic
LAMP2,c.124del,HCM,ORGL,1,839,Class 5-Certainly pathogenic
LAMP2,c.29del,HCM,ORGL,1,839,Class 5-Certainly pathogenic
MYBPC3,c.*26+2T>C,HCM,ORGL,1,3267,Class 4-Likely pathogenic
MYBPC3,c.*2C>A,HCM,ORGL,1,3267,Class 3-Unknown pathogenicity
MYBPC3,c.3798C>G,HCM,ORGL,4,3267,Class 3-Unknown pathogenicity
MYBPC3,c.3792_3793del,HCM,ORGL,1,3267,Class 4-Likely pathogenic
MYBPC3,c.3752A>G,HCM,ORGL,2,3267,Class 3-Unknown pathogenicity
MYBPC3,c.3751T>C,HCM,ORGL,2,3267,Class 3-Unknown pathogenicity
MYBPC3,c.3739G>A,HCM,ORGL,1,3267,Class 3-Unknown pathogenicity
MYBPC3,c.3728C>G,HCM,ORGL,1,3267,Class 3-Unknown pathogenicity
MYBPC3,c.3614G>C,HCM,ORGL,1,3267,Class 4-Likely pathogenic
MYBPC3,c.3491-3C>G,HCM,ORGL,3,3267,Class 3-Unknown pathogenicity
MYBPC3,c.3455_3466del,HCM,ORGL,2,3267,Class 4-Likely pathogenic
MYBPC3,c.3364A>T,HCM,ORGL,1,3267,Class 4-Likely pathogenic
MYBPC3,c.3357C>A,HCM,ORGL,1,3267,Class 5-Certainly pathogenic
MYBPC3,c.3334_3351del,HCM,ORGL,1,3267,Class 4-Likely pathogenic
MYBPC3,c.3330+1G>C,HCM,ORGL,1,3267,Class 5-Certainly pathogenic
MYBPC3,c.3316del,HCM,ORGL,1,3267,Class 5-Certainly pathogenic
MYBPC3,c.3297dup,HCM,ORGL,1,3267,Class 5-Certainly pathogenic
MYBPC3,c.3271del,HCM,ORGL,2,3267,Class 5-Certainly pathogenic
MYBPC3,c.3256T>C,HCM,ORGL,1,3267,Class 3-Unknown pathogenicity
MYBPC3,c.3206C>A,HCM,ORGL,1,3267,Class 4-Likely pathogenic
MYBPC3,c.3129C>A,HCM,ORGL,3,3267,Class 5-Certainly pathogenic
MYBPC3,c.3043dup,HCM,ORGL,1,3267,Class 5-Certainly pathogenic
MYBPC3,c.2995-3C>G,HCM,ORGL,1,3267,Class 3-Unknown pathogenicity
MYBPC3,c.2968C>G,HCM,ORGL,1,3267,Class 4-Likely pathogenic
MYBPC3,c.2953A>G,HCM,ORGL,1,3267,Class 5-Certainly pathogenic
MYBPC3,c.2905+2dup,HCM,ORGL,2,3267,Class 4-Likely pathogenic
MYBPC3,c.2834G>A,HCM,ORGL,1,3267,Class 3-Unknown pathogenicity
MYBPC3,c.2807dup,HCM,ORGL,1,3267,Class 5-Certainly pathogenic
MYBPC3,c.2789del,HCM,ORGL,1,3267,Class 5-Certainly pathogenic
MYBPC3,c.2748G>A,HCM,ORGL,1,3267,Class 5-Certainly pathogenic
MYBPC3,c.2738-2A>G,HCM,ORGL,1,3267,Class 5-Certainly pathogenic
MYBPC3,c.2149_2737del,HCM,ORGL,1,3267,Class 5-Certainly pathogenic
MYBPC3,c.2718_2719dup,HCM,ORGL,1,3267,Class 5-Certainly pathogenic
MYBPC3,c.2708G>A,HCM,ORGL,1,3267,Class 4-Likely pathogenic
MYBPC3,c.2690_2696del,HCM,ORGL,1,3267,Class 5-Certainly pathogenic
MYBPC3,c.2603-2_2603-1delinsGA,HCM,ORGL,1,3267,Class 5-Certainly pathogenic
MYBPC3,c.2603-1G>C,HCM,ORGL,1,3267,Class 5-Certainly pathogenic
MYBPC3,c.2584C>T,HCM,ORGL,1,3267,Class 5-Certainly pathogenic
MYBPC3,c.2545del,HCM,ORGL,3,3267,Class 5-Certainly pathogenic
MYBPC3,c.2524dup,HCM,ORGL,2,3267,Class 5-Certainly pathogenic
MYBPC3,c.2512dup,HCM,ORGL,1,3267,Class 5-Certainly pathogenic
MYBPC3,c.2429_2503delins23,HCM,ORGL,1,3267,Class 5-Certainly pathogenic
MYBPC3,c.2502del,HCM,ORGL,1,3267,Class 5-Certainly pathogenic
MYBPC3,c.2490_2491insT,HCM,ORGL,7,3267,Class 5-Certainly pathogenic
MYBPC3,c.2413+5G>A,HCM,ORGL,1,3267,Class 4-Likely pathogenic
MYBPC3,c.2381C>A,HCM,ORGL,1,3267,Class 3-Unknown pathogenicity
MYBPC3,c.2373_2374insG,HCM,ORGL,40,3267,Class 5-Certainly pathogenic
MYBPC3,c.2371C>T,HCM,ORGL,1,3267,Class 5-Certainly pathogenic
MYBPC3,c.2309-1G>A,HCM,ORGL,3,3267,Class 5-Certainly pathogenic
MYBPC3,c.2247C>A,HCM,ORGL,1,3267,Class 5-Certainly pathogenic
MYBPC3,c.2219G>C,HCM,ORGL,2,3267,Class 3-Unknown pathogenicity
MYBPC3,c.2188del,HCM,ORGL,1,3267,Class 5-Certainly pathogenic
MYBPC3,c.2161_2168del,HCM,ORGL,1,3267,Class 5-Certainly pathogenic
MYBPC3,c.2054_2067+11del,HCM,ORGL,1,3267,Class 5-Certainly pathogenic
MYBPC3,c.2065C>T,HCM,ORGL,1,3267,Class 5-Certainly pathogenic
MYBPC3,c.1886T>C,HCM,ORGL,2,3267,Class 3-Unknown pathogenicity
MYBPC3,c.1797del,HCM,ORGL,1,3267,Class 5-Certainly pathogenic
MYBPC3,c.1756C>G,HCM,ORGL,1,3267,Class 4-Likely pathogenic
MYBPC3,c.1731G>C,HCM,ORGL,1,3267,Class 3-Unknown pathogenicity
MYBPC3,c.1569dup,HCM,ORGL,1,3267,Class 5-Certainly pathogenic
MYBPC3,c.1523_1525delinsT,HCM,ORGL,1,3267,Class 5-Certainly pathogenic
MYBPC3,c.1458G>A,HCM,ORGL,1,3267,Class 5-Certainly pathogenic
MYBPC3,c.1457+4A>T,HCM,ORGL,6,3267,Class 4-Likely pathogenic
MYBPC3,c.1457G>A,HCM,ORGL,1,3267,Class 5-Certainly pathogenic
MYBPC3,c.1455A>T,HCM,ORGL,1,3267,Class 3-Unknown pathogenicity
MYBPC3,c.1405C>T,HCM,ORGL,1,3267,Class 5-Certainly pathogenic
MYBPC3,c.1404del,HCM,ORGL,1,3267,Class 5-Certainly pathogenic
MYBPC3,c.1376_1377del,HCM,ORGL,1,3267,Class 5-Certainly pathogenic
MYBPC3,c.1359del,HCM,ORGL,1,3267,Class 5-Certainly pathogenic
MYBPC3,c.1352_1353del,HCM,ORGL,1,3267,Class 5-Certainly pathogenic
MYBPC3,c.1266_1267insTGAT,HCM,ORGL,1,3267,Class 5-Certainly pathogenic
MYBPC3,c.1231A>G,HCM,ORGL,1,3267,Class 3-Unknown pathogenicity
MYBPC3,c.1224-1G>T,HCM,ORGL,1,3267,Class 5-Certainly pathogenic
MYBPC3,c.1223+2T>C,HCM,ORGL,1,3267,Class 5-Certainly pathogenic
MYBPC3,c.1201C>T,HCM,ORGL,1,3267,Class 5-Certainly pathogenic
MYBPC3,c.1174G>T,HCM,ORGL,1,3267,Class 3-Unknown pathogenicity
MYBPC3,c.1120C>T,HCM,ORGL,1,3267,Class 5-Certainly pathogenic
MYBPC3,c.1097A>C,HCM,ORGL,1,3267,Class 3-Unknown pathogenicity
MYBPC3,c.1090+2T>C,HCM,ORGL,1,3267,Class 5-Certainly pathogenic
MYBPC3,c.1080G>C,HCM,ORGL,1,3267,Class 3-Unknown pathogenicity
MYBPC3,c.1038_1042dupCGGCA,HCM,ORGL,1,3267,Class 5-Certainly pathogenic
MYBPC3,c.1021_1028del,HCM,ORGL,1,3267,Class 5-Certainly pathogenic
MYBPC3,c.927-8G>A,HCM,ORGL,5,3267,Class 3-Unknown pathogenicity
MYBPC3,c.909-7G>A,HCM,ORGL,2,3267,Class 3-Unknown pathogenicity
MYBPC3,c.906-7G>A,HCM,ORGL,1,3267,Class 3-Unknown pathogenicity
MYBPC3,c.821+2T>G,HCM,ORGL,1,3267,Class 5-Certainly pathogenic
MYBPC3,c.747C>A,HCM,ORGL,2,3267,Class 5-Certainly pathogenic
MYBPC3,c.731del,HCM,ORGL,1,3267,Class 5-Certainly pathogenic
MYBPC3,c.701C>A,HCM,ORGL,1,3267,Class 4-Likely pathogenic
MYBPC3,c.655-2del,HCM,ORGL,1,3267,Class 5-Certainly pathogenic
MYBPC3,c.611_618delinsT,HCM,ORGL,1,3267,Class 5-Certainly pathogenic
MYBPC3,c.553_562del,HCM,ORGL,1,3267,Class 5-Certainly pathogenic
MYBPC3,c.484C>T,HCM,ORGL,4,3267,Class 5-Certainly pathogenic
MYBPC3,c.443dup,HCM,ORGL,2,3267,Class 5-Certainly pathogenic
MYBPC3,c.391dup,HCM,ORGL,1,3267,Class 5-Certainly pathogenic
MYBPC3,c.365C>A,HCM,ORGL,1,3267,Class 3-Unknown pathogenicity
MYBPC3,c.351_352del,HCM,ORGL,1,3267,Class 5-Certainly pathogenic
MYBPC3,c.256_258del,HCM,ORGL,1,3267,Class 3-Unknown pathogenicity
MYBPC3,c.255del,HCM,ORGL,1,3267,Class 5-Certainly pathogenic
MYBPC3,c.241G>T,HCM,ORGL,1,3267,Class 3-Unknown pathogenicity
MYBPC3,c.211_212delinsTA,HCM,ORGL,1,3267,Class 5-Certainly pathogenic
MYBPC3,c.177dup,HCM,ORGL,1,3267,Class 5-Certainly pathogenic
MYBPC3,c.126G>A,HCM,ORGL,2,3267,Class 5-Certainly pathogenic
MYBPC3,c.121dup,HCM,ORGL,1,3267,Class 5-Certainly pathogenic
MYBPC3,c.100_110dup,HCM,ORGL,1,3267,Class 5-Certainly pathogenic
MYBPC3,c.25+1G>A,HCM,ORGL,2,3267,Class 5-Certainly pathogenic
MYBPC3,c.1A>T,HCM,ORGL,1,3267,Class 4-Likely pathogenic
MYH7,c.5773C>T,HCM,ORGL,1,3200,Class 3-Unknown pathogenicity
MYH7,c.5690G>A,HCM,ORGL,1,3200,Class 3-Unknown pathogenicity
MYH7,c.5471A>G,HCM,ORGL,1,3200,Class 3-Unknown pathogenicity
MYH7,c.5291T>A,HCM,ORGL,1,3200,Class 3-Unknown pathogenicity
MYH7,c.5172C>G,HCM,ORGL,1,3200,Class 3-Unknown pathogenicity
MYH7,c.5110C>T,HCM,ORGL,1,3200,Class 3-Unknown pathogenicity
MYH7,c.4919A>G,HCM,ORGL,1,3200,Class 3-Unknown pathogenicity
MYH7,c.4664A>G,HCM,ORGL,1,3200,Class 3-Unknown pathogenicity
MYH7,c.4660G>A,HCM,ORGL,1,3200,Class 3-Unknown pathogenicity
MYH7,c.4636G>C,HCM,ORGL,1,3200,Class 3-Unknown pathogenicity
MYH7,c.4532A>C,HCM,ORGL,1,3200,Class 3-Unknown pathogenicity
MYH7,c.4418A>G,HCM,ORGL,1,3200,Class 3-Unknown pathogenicity
MYH7,c.4343A>G,HCM,ORGL,1,3200,Class 3-Unknown pathogenicity
MYH7,c.4259G>T,HCM,ORGL,2,3200,Class 3-Unknown pathogenicity
MYH7,c.4132G>C,HCM,ORGL,1,3200,Class 3-Unknown pathogenicity
MYH7,c.4108C>A,HCM,ORGL,1,3200,Class 3-Unknown pathogenicity
MYH7,c.3899A>T,HCM,ORGL,1,3200,Class 3-Unknown pathogenicity
MYH7,c.3803G>C,HCM,ORGL,1,3200,Class 3-Unknown pathogenicity
MYH7,c.3593A>G,HCM,ORGL,1,3200,Class 3-Unknown pathogenicity
MYH7,c.3548T>A,HCM,ORGL,1,3200,Class 3-Unknown pathogenicity
MYH7,c.3484G>A,HCM,ORGL,1,3200,Class 3-Unknown pathogenicity
MYH7,c.3475G>A,HCM,ORGL,4,3200,Class 3-Unknown pathogenicity
MYH7,c.3428T>G,HCM,ORGL,1,3200,Class 3-Unknown pathogenicity
MYH7,c.3373G>C,HCM,ORGL,1,3200,Class 3-Unknown pathogenicity
MYH7,c.3341G>A,HCM,ORGL,1,3200,Class 3-Unknown pathogenicity
MYH7,c.3325A>G,HCM,ORGL,1,3200,Class 3-Unknown pathogenicity
MYH7,c.3289G>A,HCM,ORGL,1,3200,Class 3-Unknown pathogenicity
MYH7,c.3229_3240del,HCM,ORGL,1,3200,Class 3-Unknown pathogenicity
MYH7,c.3231T>G,HCM,ORGL,1,3200,Class 3-Unknown pathogenicity
MYH7,c.3064A>G,HCM,ORGL,1,3200,Class 3-Unknown pathogenicity
MYH7,c.2906A>C,HCM,ORGL,1,3200,Class 3-Unknown pathogenicity
MYH7,c.2894A>G,HCM,ORGL,1,3200,Class 3-Unknown pathogenicity
MYH7,c.2881C>G,HCM,ORGL,1,3200,Class 3-Unknown pathogenicity
MYH7,c.2707G>C,HCM,ORGL,1,3200,Class 3-Unknown pathogenicity
MYH7,c.2700T>A,HCM,ORGL,1,3200,Class 3-Unknown pathogenicity
MYH7,c.2683C>A,HCM,ORGL,1,3200,Class 3-Unknown pathogenicity
MYH7,c.2631G>C,HCM,ORGL,3,3200,Class 3-Unknown pathogenicity
MYH7,c.2631G>A,HCM,ORGL,1,3200,Class 3-Unknown pathogenicity
MYH7,c.2606G>T,HCM,ORGL,1,3200,Class 3-Unknown pathogenicity
MYH7,c.2501T>A,HCM,ORGL,1,3200,Class 3-Unknown pathogenicity
MYH7,c.2353A>G,HCM,ORGL,1,3200,Class 3-Unknown pathogenicity
MYH7,c.2273T>G,HCM,ORGL,1,3200,Class 4-Likely pathogenic
MYH7,c.1804A>T,HCM,ORGL,1,3200,Class 3-Unknown pathogenicity
MYH7,c.1753A>T,HCM,ORGL,1,3200,Class 3-Unknown pathogenicity
MYH7,c.1579C>A,HCM,ORGL,1,3200,Class 3-Unknown pathogenicity
MYH7,c.1479G>A,HCM,ORGL,1,3200,Class 4-Likely pathogenic
MYH7,c.1477A>T,HCM,ORGL,1,3200,Class 4-Likely pathogenic
MYH7,c.1433T>A,HCM,ORGL,2,3200,Class 4-Likely pathogenic
MYH7,c.1346C>T,HCM,ORGL,1,3200,Class 3-Unknown pathogenicity
MYH7,c.1345A>T,HCM,ORGL,1,3200,Class 4-Likely pathogenic
MYH7,c.1279C>A,HCM,ORGL,3,3200,Class 4-Likely pathogenic
MYH7,c.1268C>T,HCM,ORGL,2,3200,Class 3-Unknown pathogenicity
MYH7,c.1228T>G,HCM,ORGL,1,3200,Class 4-Likely pathogenic
MYH7,c.1207C>G,HCM,ORGL,1,3200,Class 5-Certainly pathogenic
MYH7,c.1142C>A,HCM,ORGL,5,3200,Class 4-Likely pathogenic
MYH7,c.1121A>T,HCM,ORGL,1,3200,Class 4-Likely pathogenic
MYH7,c.1063G>T,HCM,ORGL,3,3200,Class 3-Unknown pathogenicity
MYH7,c.964T>A,HCM,ORGL,1,3200,Class 3-Unknown pathogenicity
MYH7,c.920C>A,HCM,ORGL,1,3200,Class 5-Certainly pathogenic
MYH7,c.904C>A,HCM,ORGL,1,3200,Class 3-Unknown pathogenicity
MYH7,c.793A>T,HCM,ORGL,1,3200,Class 3-Unknown pathogenicity
MYH7,c.737A>T,HCM,ORGL,1,3200,Class 4-Likely pathogenic
MYH7,c.732+3dup,HCM,ORGL,1,3200,Class 4-Likely pathogenic
MYH7,c.731T>G,HCM,ORGL,1,3200,Class 4-Likely pathogenic
MYH7,c.710G>A,HCM,ORGL,1,3200,Class 3-Unknown pathogenicity
MYH7,c.694A>C,HCM,ORGL,1,3200,Class 4-Likely pathogenic
MYH7,c.677C>T,HCM,ORGL,1,3200,Class 3-Unknown pathogenicity
MYH7,c.595G>A,HCM,ORGL,1,3200,Class 3-Unknown pathogenicity
MYH7,c.578A>G,HCM,ORGL,2,3200,Class 4-Likely pathogenic
MYH7,c.500C>T,HCM,ORGL,1,3200,Class 3-Unknown pathogenicity
MYH7,c.345C>A,HCM,ORGL,2,3200,Class 3-Unknown pathogenicity
MYH7,c.80A>G,HCM,ORGL,1,3200,Class 3-Unknown pathogenicity
MYL2,c.499T>C,HCM,ORGL,1,1535,Class 3-Unknown pathogenicity
MYL2,c.485_487del,HCM,ORGL,1,1535,Class 3-Unknown pathogenicity
MYL2,c.458A>G,HCM,ORGL,1,1535,Class 3-Unknown pathogenicity
MYL3,c.539A>G,HCM,ORGL,1,1535,Class 3-Unknown pathogenicity
MYL3,c.383G>A,HCM,ORGL,2,1535,Class 3-Unknown pathogenicity
MYL3,c.128A>C,HCM,ORGL,1,1535,Class 3-Unknown pathogenicity
MYL3,c.64G>T,HCM,ORGL,1,1535,Class 3-Unknown pathogenicity
PLN,c.-97-2A>T,HCM,ORGL,1,1535,Class 3-Unknown pathogenicity
PLN,c.46T>C,HCM,ORGL,1,1535,Class 3-Unknown pathogenicity
PLN,c.63_64dup,HCM,ORGL,1,1535,Class 3-Unknown pathogenicity
PLN,c.121T>A,HCM,ORGL,1,1535,Class 4-Likely pathogenic
PLN,c.138dup,HCM,ORGL,1,1535,Class 3-Unknown pathogenicity
PRKAG2,c.1647C>G,HCM,ORGL,1,1535,Class 3-Unknown pathogenicity
PRKAG2,c.1518A>C,HCM,ORGL,1,1535,Class 3-Unknown pathogenicity
PRKAG2,c.1459T>G,HCM,ORGL,1,1535,Class 3-Unknown pathogenicity
PRKAG2,c.1436T>C,HCM,ORGL,1,1535,Class 3-Unknown pathogenicity
PRKAG2,c.1066G>A,HCM,ORGL,1,1535,Class 3-Unknown pathogenicity
PRKAG2,c.989A>G,HCM,ORGL,1,1535,Class 3-Unknown pathogenicity
PRKAG2,c.608G>A,HCM,ORGL,1,1535,Class 3-Unknown pathogenicity
PRKAG2,c.563A>G,HCM,ORGL,1,1535,Class 3-Unknown pathogenicity
PRKAG2,c.488C>T,HCM,ORGL,1,1535,Class 3-Unknown pathogenicity
PRKAG2,c.47G>C,HCM,ORGL,1,1535,Class 3-Unknown pathogenicity
TNNI3,c.605A>C,HCM,ORGL,1,3135,Class 3-Unknown pathogenicity
TNNI3,c.593T>G,HCM,ORGL,1,3135,Class 3-Unknown pathogenicity
TNNI3,c.573G>A,HCM,ORGL,1,3135,Class 3-Unknown pathogenicity
TNNI3,c.549G>C,HCM,ORGL,1,3135,Class 4-Likely pathogenic
TNNI3,c.538del,HCM,ORGL,2,3135,Class 5-Certainly pathogenic
TNNI3,c.512C>A,HCM,ORGL,1,3135,Class 3-Unknown pathogenicity
TNNI3,c.506del,HCM,ORGL,1,3135,Class 3-Unknown pathogenicity
TNNI3,c.490A>G,HCM,ORGL,1,3135,Class 3-Unknown pathogenicity
TNNI3,c.488C>G,HCM,ORGL,1,3135,Class 3-Unknown pathogenicity
TNNI3,c.390G>C,HCM,ORGL,1,3135,Class 3-Unknown pathogenicity
TNNI3,c.383T>A,HCM,ORGL,1,3135,Class 3-Unknown pathogenicity
TNNI3,c.379G>C,HCM,ORGL,1,3135,Class 3-Unknown pathogenicity
TNNI3,c.338del,HCM,ORGL,1,3135,Class 5-Certainly pathogenic
TNNI3,c.285C>A,HCM,ORGL,1,3135,Class 3-Unknown pathogenicity
TNNI3,c.231C>A,HCM,ORGL,1,3135,Class 3-Unknown pathogenicity
TNNT2,c.822-3C>A,HCM,ORGL,1,3191,Class 3-Unknown pathogenicity
TNNT2,c.767A>G,HCM,ORGL,1,3191,Class 3-Unknown pathogenicity
TNNT2,c.678_680del,HCM,ORGL,1,3191,Class 3-Unknown pathogenicity
TNNT2,c.502G>C,HCM,ORGL,1,3191,Class 3-Unknown pathogenicity
TNNT2,c.426T>G,HCM,ORGL,1,3191,Class 3-Unknown pathogenicity
TNNT2,c.381+6T>C,HCM,ORGL,1,3191,Class 3-Unknown pathogenicity
TNNT2,c.269T>A,HCM,ORGL,1,3191,Class 3-Unknown pathogenicity
TNNT2,c.256G>T,HCM,ORGL,1,3191,Class 3-Unknown pathogenicity
TNNT2,c.-1C>A,HCM,ORGL,1,3191,Class 3-Unknown pathogenicity
TPM1,c.302G>C,HCM,ORGL,1,1535,Class 3-Unknown pathogenicity
TPM1,c.461T>C,HCM,ORGL,1,1535,Class 5-Certainly pathogenic
TPM1,c.475G>A,HCM,ORGL,1,1535,Class 3-Unknown pathogenicity
TPM1,c.481A>G,HCM,ORGL,1,1535,Class 3-Unknown pathogenicity
TPM1,c.677A>G,HCM,ORGL,1,1535,Class 3-Unknown pathogenicity
TPM1,c.699G>C,HCM,ORGL,1,1535,Class 3-Unknown pathogenicity
TPM1,c.746T>G,HCM,ORGL,2,1535,Class 4-Likely pathogenic
TPM1,c.761A>G,HCM,ORGL,1,1535,Class 3-Unknown pathogenicity
TPM1,c.774C>G,HCM,ORGL,1,1535,Class 3-Unknown pathogenicity
ACTN2,c.26A>G,DCM,ORGL,3,305,Class 3-Unknown pathogenicity
ACTN2,c.556C>T,DCM,ORGL,1,305,Class 3-Unknown pathogenicity
ACTN2,c.893G>A,DCM,ORGL,1,305,Class 3-Unknown pathogenicity
CRYAB,c.124A>G,DCM,ORGL,1,304,Class 3-Unknown pathogenicity
DSG2,c.98A>G,DCM,ORGL,1,304,Class 3-Unknown pathogenicity
DSG2,c.2906C>T,DCM,ORGL,1,304,Class 3-Unknown pathogenicity
DSP,c.448C>T,DCM,ORGL,1,304,Class 5-Certainly pathogenic
DSP,c.478C>T,DCM,ORGL,1,304,Class 5-Certainly pathogenic
DSP,c.521G>T,DCM,ORGL,1,304,Class 3-Unknown pathogenicity
DSP,c.860A>G,DCM,ORGL,1,304,Class 3-Unknown pathogenicity
DSP,c.939+1G>A,DCM,ORGL,1,304,Class 5-Certainly pathogenic
DSP,c.3650C>T,DCM,ORGL,1,304,Class 3-Unknown pathogenicity
DSP,c.3862A>C,DCM,ORGL,1,304,Class 3-Unknown pathogenicity
DSP,c.4022G>A,DCM,ORGL,1,304,Class 3-Unknown pathogenicity
DSP,c.4670C>T,DCM,ORGL,1,304,Class 3-Unknown pathogenicity
DSP,c.6655G>A,DCM,ORGL,1,304,Class 3-Unknown pathogenicity
DSP,c.7847C>T,DCM,ORGL,1,304,Class 3-Unknown pathogenicity
JUP,c.1129C>A,DCM,ORGL,1,304,Class 3-Unknown pathogenicity
JUP,c.578T>C,DCM,ORGL,1,304,Class 3-Unknown pathogenicity
LMNA,c.868G>A,DCM,ORGL,1,304,Class 3-Unknown pathogenicity
LMNA,c.961C>T,DCM,ORGL,2,304,Class 5-Certainly pathogenic
LMNA,c.1622G>A,DCM,ORGL,1,304,Class 4-Likely pathogenic
MYBPC3,c.3154A>G,DCM,ORGL,1,405,Class 3-Unknown pathogenicity
MYBPC3,c.2671C>T,DCM,ORGL,1,405,Class 3-Unknown pathogenicity
MYBPC3,c.2429G>A,DCM,ORGL,1,405,Class 3-Unknown pathogenicity
MYBPC3,c.2300A>G,DCM,ORGL,1,405,Class 3-Unknown pathogenicity
MYBPC3,c.1123G>A,DCM,ORGL,1,405,Class 3-Unknown pathogenicity
MYBPC3,c.818G>A,DCM,ORGL,1,405,Class 3-Unknown pathogenicity
MYBPC3,c.148A>G,DCM,ORGL,1,405,Class 3-Unknown pathogenicity
MYH7,c.5530G>A,DCM,ORGL,2,559,Class 3-Unknown pathogenicity
MYH7,c.5329G>A,DCM,ORGL,1,559,Class 3-Unknown pathogenicity
MYH7,c.4377G>T,DCM,ORGL,1,559,Class 3-Unknown pathogenicity
MYH7,c.4300C>T,DCM,ORGL,2,559,Class 4-Likely pathogenic
MYH7,c.4048G>A,DCM,ORGL,1,559,Class 3-Unknown pathogenicity
MYH7,c.4004C>T,DCM,ORGL,1,559,Class 3-Unknown pathogenicity
MYH7,c.2456G>A,DCM,ORGL,1,559,Class 3-Unknown pathogenicity
MYH7,c.1045A>G,DCM,ORGL,1,559,Class 3-Unknown pathogenicity
MYH7,c.728G>A,DCM,ORGL,1,559,Class 4-Likely pathogenic
MYH7,c.589G>A,DCM,ORGL,1,559,Class 3-Unknown pathogenicity
MYH7,c.541G>A,DCM,ORGL,1,559,Class 4-Likely pathogenic
MYH7,c.532G>A,DCM,ORGL,2,559,Class 4-Likely pathogenic
PKP2,c.1550A>G,DCM,ORGL,1,304,Class 3-Unknown pathogenicity
PKP2,c.1093A>G,DCM,ORGL,1,304,Class 3-Unknown pathogenicity
PKP2,c.307C>A,DCM,ORGL,1,304,Class 3-Unknown pathogenicity
SCN5A,c.5872C>T,DCM,ORGL,1,304,Class 3-Unknown pathogenicity
SCN5A,c.2440C>T,DCM,ORGL,1,304,Class 5-Certainly pathogenic
SCN5A,c.1417G>T,DCM,ORGL,1,304,Class 5-Certainly pathogenic
SCN5A,c.665G>A,DCM,ORGL,3,304,Class 5-Certainly pathogenic
TMEM43,c.214G>A,DCM,ORGL,1,304,Class 3-Unknown pathogenicity
TNNI3,c.557G>A,DCM,ORGL,1,483,Class 5-Certainly pathogenic
TNNI3,c.470C>T,DCM,ORGL,1,483,Class 4-Likely pathogenic
TNNT2,c.629_631delAGA,DCM,ORGL,7,498,Class 5-Certainly pathogenic
TNNT2,c.613C>T,DCM,ORGL,1,498,Class 4-Likely pathogenic
TNNT2,c.476G>A,DCM,ORGL,1,498,Class 3-Unknown pathogenicity
TNNT2,c.421C>T,DCM,ORGL,1,498,Class 5-Certainly pathogenic
TNNT2,c.391C>T,DCM,ORGL,1,498,Class 4-Likely pathogenic
TNNT2,c.52+7G>A,DCM,ORGL,1,498,Class 3-Unknown pathogenicity
TPM1,c.337C>G,DCM,ORGL,1,355,Class 4-Likely pathogenic
TPM1,c.688G>A,DCM,ORGL,1,355,Class 5-Certainly pathogenic
TTN,c.98506C>T,DCM,ORGL,1,304,Class 3-Unknown pathogenicity
TTN,c.88727delC,DCM,ORGL,1,304,Class 3-Unknown pathogenicity
TTN,c.64453C>T,DCM,ORGL,1,304,Class 3-Unknown pathogenicity
TTN,c.61495C>T,DCM,ORGL,1,304,Class 3-Unknown pathogenicity
TTN,c.56572C>T,DCM,ORGL,1,304,Class 3-Unknown pathogenicity
TTN,c.44272C>T,DCM,ORGL,1,304,Class 3-Unknown pathogenicity
TTN,c.12358C>T,DCM,ORGL,1,304,Class 3-Unknown pathogenicity
ACTN2,c.130T>C,DCM,ORGL,1,305,Class 3-Unknown pathogenicity
ACTN2,c.2289C>G,DCM,ORGL,1,305,Class 3-Unknown pathogenicity
DES,c.449G>C,DCM,ORGL,1,304,Class 3-Unknown pathogenicity
DES,c.832C>T,DCM,ORGL,1,304,Class 3-Unknown pathogenicity
DES,c.1019G>A,DCM,ORGL,1,304,Class 3-Unknown pathogenicity
DSC2,c.799G>C,DCM,ORGL,1,304,Class 3-Unknown pathogenicity
DSP,c.131G>A,DCM,ORGL,1,304,Class 3-Unknown pathogenicity
DSP,c.353T>A,DCM,ORGL,1,304,Class 3-Unknown pathogenicity
DSP,c.859A>G,DCM,ORGL,1,304,Class 3-Unknown pathogenicity
DSP,c.868G>A,DCM,ORGL,1,304,Class 3-Unknown pathogenicity
DSP,c.1124dup,DCM,ORGL,1,304,Class 5-Certainly pathogenic
DSP,c.1381A>G,DCM,ORGL,1,304,Class 3-Unknown pathogenicity
DSP,c.1764_1766dup,DCM,ORGL,1,304,Class 4-Likely pathogenic
DSP,c.2900C>G,DCM,ORGL,1,304,Class 5-Certainly pathogenic
DSP,c.3133C>T,DCM,ORGL,1,304,Class 5-Certainly pathogenic
DSP,c.3735_3741dup,DCM,ORGL,1,304,Class 5-Certainly pathogenic
DSP,c.3751G>A,DCM,ORGL,1,304,Class 3-Unknown pathogenicity
DSP,c.4221A>C,DCM,ORGL,1,304,Class 3-Unknown pathogenicity
DSP,c.4711C>T,DCM,ORGL,1,304,Class 5-Certainly pathogenic
DSP,c.6788T>C,DCM,ORGL,1,304,Class 3-Unknown pathogenicity
DSP,c.8188del,DCM,ORGL,1,304,Class 3-Unknown pathogenicity
LAMP2,c.864+5G>A,DCM,ORGL,1,309,Class 3-Unknown pathogenicity
LMNA,c.175C>A,DCM,ORGL,1,304,Class 3-Unknown pathogenicity
LMNA,c.356+2T>G,DCM,ORGL,1,304,Class 5-Certainly pathogenic
LMNA,c.640-2A>G,DCM,ORGL,1,304,Class 5-Certainly pathogenic
LMNA,c.811-2A>C,DCM,ORGL,1,304,Class 5-Certainly pathogenic
LMNA,c.970del,DCM,ORGL,1,304,Class 5-Certainly pathogenic
LMNA,c.1046G>A,DCM,ORGL,1,304,Class 3-Unknown pathogenicity
LMNA,c.1304_1307del,DCM,ORGL,1,304,Class 5-Certainly pathogenic
MYBPC3,c.1724G>T,DCM,ORGL,1,405,Class 3-Unknown pathogenicity
MYBPC3,c.596T>G,DCM,ORGL,1,405,Class 3-Unknown pathogenicity
MYH7,c.5020G>T,DCM,ORGL,1,559,Class 3-Unknown pathogenicity
MYH7,c.4643A>T,DCM,ORGL,1,559,Class 3-Unknown pathogenicity
MYH7,c.4638G>T,DCM,ORGL,1,559,Class 3-Unknown pathogenicity
MYH7,c.3464G>A,DCM,ORGL,1,559,Class 3-Unknown pathogenicity
MYH7,c.3284A>G,DCM,ORGL,1,559,Class 3-Unknown pathogenicity
MYH7,c.2682A>C,DCM,ORGL,1,559,Class 3-Unknown pathogenicity
MYH7,c.2455C>T,DCM,ORGL,1,559,Class 3-Unknown pathogenicity
MYH7,c.2441T>G,DCM,ORGL,1,559,Class 3-Unknown pathogenicity
MYH7,c.2015G>T,DCM,ORGL,1,559,Class 4-Likely pathogenic
MYH7,c.431G>T,DCM,ORGL,2,559,Class 4-Likely pathogenic
PKP2,c.2623G>T,DCM,ORGL,1,304,Class 3-Unknown pathogenicity
PKP2,c.2447C>G,DCM,ORGL,1,304,Class 3-Unknown pathogenicity
SCN5A,c.4867C>A,DCM,ORGL,1,304,Class 3-Unknown pathogenicity
SCN5A,c.1983_2002dup,DCM,ORGL,1,304,Class 4-Likely pathogenic
TPM1,c.359C>T,DCM,ORGL,1,355,Class 3-Unknown pathogenicity
TPM1,c.368G>C,DCM,ORGL,1,355,Class 3-Unknown pathogenicity
TPM1,c.695T>G,DCM,ORGL,1,355,Class 3-Unknown pathogenicity
TTN,c.100825C>T,DCM,ORGL,1,304,Class 3-Unknown pathogenicity
TTN,c.99058del,DCM,ORGL,1,304,Class 3-Unknown pathogenicity
TTN,c.98504_98505del,DCM,ORGL,1,304,Class 3-Unknown pathogenicity
TTN,c.98265_98268dup,DCM,ORGL,1,304,Class 3-Unknown pathogenicity
TTN,c.97417del,DCM,ORGL,2,304,Class 3-Unknown pathogenicity
TTN,c.92652_92659del,DCM,ORGL,1,304,Class 3-Unknown pathogenicity
TTN,c.89787del,DCM,ORGL,1,304,Class 3-Unknown pathogenicity
TTN,c.86229delinsAA,DCM,ORGL,1,304,Class 3-Unknown pathogenicity
TTN,c.85946del,DCM,ORGL,1,304,Class 3-Unknown pathogenicity
TTN,c.85713G>A,DCM,ORGL,1,304,Class 3-Unknown pathogenicity
TTN,c.85238del,DCM,ORGL,1,304,Class 3-Unknown pathogenicity
TTN,c.82470G>A,DCM,ORGL,1,304,Class 3-Unknown pathogenicity
TTN,c.76865G>A,DCM,ORGL,1,304,Class 3-Unknown pathogenicity
TTN,c.76822del,DCM,ORGL,1,304,Class 3-Unknown pathogenicity
TTN,c.75633_75636dup,DCM,ORGL,1,304,Class 3-Unknown pathogenicity
TTN,c.74104C>T,DCM,ORGL,1,304,Class 3-Unknown pathogenicity
TTN,c.70563dup,DCM,ORGL,1,304,Class 3-Unknown pathogenicity
TTN,c.70200_70203dup,DCM,ORGL,1,304,Class 3-Unknown pathogenicity
TTN,c.67952_67955dup,DCM,ORGL,1,304,Class 3-Unknown pathogenicity
TTN,c.63625C>T,DCM,ORGL,1,304,Class 3-Unknown pathogenicity
TTN,c.63025C>T,DCM,ORGL,1,304,Class 3-Unknown pathogenicity
TTN,c.62722C>T,DCM,ORGL,1,304,Class 3-Unknown pathogenicity
TTN,c.60940del,DCM,ORGL,1,304,Class 3-Unknown pathogenicity
TTN,c.60643_60644del,DCM,ORGL,1,304,Class 3-Unknown pathogenicity
TTN,c.60163_60164del,DCM,ORGL,1,304,Class 3-Unknown pathogenicity
TTN,c.51444del,DCM,ORGL,1,304,Class 3-Unknown pathogenicity
TTN,c.51436C>T,DCM,ORGL,1,304,Class 3-Unknown pathogenicity
TTN,c.47314C>T,DCM,ORGL,1,304,Class 3-Unknown pathogenicity
TTN,c.46925_46928del,DCM,ORGL,1,304,Class 3-Unknown pathogenicity
TTN,c.46803G>A,DCM,ORGL,1,304,Class 3-Unknown pathogenicity
TTN,c.35083G>T,DCM,ORGL,1,304,Class 3-Unknown pathogenicity
TTN,c.31035T>G,DCM,ORGL,1,304,Class 3-Unknown pathogenicity
TTN,c.24019C>T,DCM,ORGL,1,304,Class 3-Unknown pathogenicity
TTN,c.16077del,DCM,ORGL,1,304,Class 3-Unknown pathogenicity
TTN,c.14194C>T,DCM,ORGL,1,304,Class 3-Unknown pathogenicity
TTN,c.13900G>T,DCM,ORGL,1,304,Class 3-Unknown pathogenicity
TTN,c.12742C>T,DCM,ORGL,1,304,Class 3-Unknown pathogenicity
TTN,c.12587C>A,DCM,LMM,1,156,VUS favour pathogenic
TTN,c.86821+2T>A,DCM,LMM,1,156,Likely Pathogenic
TTN,c.3034C>T,DCM,LMM,1,156,Likely Pathogenic
TTN,c.11657delA,DCM,LMM,1,156,VUS favour pathogenic
TTN,c.41610delA,DCM,LMM,1,156,Likely Pathogenic
TTN,c.44364delC,DCM,LMM,1,156,Likely Pathogenic
TTN,c.45307C>T,DCM,LMM,1,156,Likely Pathogenic
TTN,c.46069_46070delAT,DCM,LMM,1,156,Likely Pathogenic
TTN,c.46773T>A,DCM,LMM,1,156,Likely Pathogenic
TTN,c.46782C>A,DCM,LMM,1,156,Likely Pathogenic
TTN,c.57215delG,DCM,LMM,1,156,Likely Pathogenic
TTN,c.57847+1G>A,DCM,LMM,1,156,Likely Pathogenic
TTN,c.57995delA,DCM,LMM,3,156,Likely Pathogenic
TTN,c.69458_69461dupAGAA,DCM,LMM,1,156,Likely Pathogenic
TTN,c.73845delA,DCM,LMM,1,156,Likely Pathogenic
TTN,c.77421_77422insC,DCM,LMM,1,156,Likely Pathogenic
TTN,c.89197_89197+2delGGT,DCM,LMM,1,156,Likely Pathogenic
TTN,c.90587delA,DCM,LMM,1,156,Likely Pathogenic
TTN,c.93897delT,DCM,LMM,1,156,Likely Pathogenic
TTN,c.102949C>T,DCM,LMM,1,156,Likely Pathogenic
ACTC1,c.701C>T,HCM,Other,1,874,VUS
ACTC1,c.301G>A,HCM,Other,1,874,VUS
ACTC1,c.361A>G,HCM,Other,1,874,VUS
ANK2,c.10568A>G,HCM,Other,1,874,VUS
ANK2,c.11227A>G,HCM,Other,1,874,VUS
ANK2,c.11542A>G,HCM,Other,1,874,VUS
ANK2,c.4270A>G,HCM,Other,1,874,VUS
ANK2,c.4673A>G,HCM,Other,1,874,VUS
ANK2,c.8669A>G,HCM,Other,1,874,VUS
ANK2,c.10603C>T,HCM,Other,1,874,VUS
ANK2,c.11425C>T,HCM,Other,1,874,VUS
ANK2,c.1492C>G,HCM,Other,1,874,VUS
ANK2,c.4211C>T,HCM,Other,1,874,VUS
ANK2,c.5132C>A,HCM,Other,1,874,VUS
ANK2,c.5132C>T,HCM,Other,1,874,VUS
ANK2,c.5389C>T,HCM,Other,1,874,VUS
ANK2,c.5552C>T,HCM,Other,1,874,VUS
ANK2,c.5815C>A,HCM,Other,1,874,VUS
ANK2,c.7769C>G,HCM,Other,1,874,VUS
ANK2,c.8828C>G,HCM,Other,1,874,VUS
ANK2,c.9742C>G,HCM,Other,1,874,VUS
ANK2,c.9773C>G,HCM,Other,1,874,VUS
ANK2,c.10609G>A,HCM,Other,1,874,VUS
ANK2,c.11643G>C,HCM,Other,1,874,VUS
ANK2,c.4216G>T,HCM,Other,1,874,VUS
ANK2,c.4933G>A,HCM,Other,1,874,VUS
ANK2,c.5223G>T,HCM,Other,1,874,VUS
ANK2,c.56G>A,HCM,Other,1,874,VUS
ANK2,c.6406G>A,HCM,Other,1,874,VUS
ANK2,c.6487G>A,HCM,Other,1,874,VUS
ANK2,c.8141G>A,HCM,Other,1,874,VUS
ANK2,c.8947G>A,HCM,Other,1,874,VUS
ANK2,c.1717T>C,HCM,Other,1,874,VUS
ANK2,c.2160T>A,HCM,Other,1,874,VUS
ANK2,c.4017T>G,HCM,Other,1,874,VUS
ANK2,c.5471T>A,HCM,Other,1,874,VUS
ANK2,c.6784A>G,HCM,Other,1,874,VUS
ANK2,c.11387C>T,HCM,Other,1,874,VUS
ANK2,c.533C>T,HCM,Other,1,874,VUS
ANK2,c.6077C>T,HCM,Other,1,874,VUS
ANK2,c.11394G>T,HCM,Other,1,874,VUS
ANK2,c.3032G>A,HCM,Other,1,874,VUS
ANK2,c.3074G>C,HCM,Other,1,874,VUS
ANK2,c.6107G>A,HCM,Other,1,874,VUS
ANK2,c.7998G>A,HCM,Other,1,874,VUS
ANK2,c.7235A>G,HCM,Other,1,874,VUS
ANK2,c.10019C>T,HCM,Other,1,874,VUS
ANK2,c.7168G>A,HCM,Other,1,874,VUS
ANK2,c.7018A>G,HCM,Other,1,874,VUS
ANK2,c.7049C>T,HCM,Other,1,874,VUS
ANK2,c.5979A>T,HCM,Other,2,874,VUS
ANK2,c.2819C>G,HCM,Other,2,874,VUS
ANK2,c.9181C>G,HCM,Other,2,874,VUS
ANK2,c.7006G>T,HCM,Other,2,874,VUS
ANK2,c.7084A>C,HCM,Other,2,874,VUS
ANK2,c.4274A>G,HCM,Other,3,874,VUS
ANK2,c.11617C>T,HCM,Other,3,874,VUS
ANK2,c.4646G>A,HCM,Other,5,874,VUS
CASQ2,c.613A>G,HCM,Other,1,874,VUS
CASQ2,c.298G>A,HCM,Other,1,874,VUS
CASQ2,c.338G>A,HCM,Other,1,874,VUS
CASQ2,c.541G>C,HCM,Other,1,874,VUS
CASQ2,c.928G>A,HCM,Other,1,874,VUS
CASQ2,c.234+3A>G,HCM,Other,1,874,VUS
CASQ2,c.1132_1134del,HCM,Other,1,874,VUS
CASQ2,c.1165G>T,HCM,Other,1,874,VUS
CAV3,c.277G>A,HCM,Other,1,874,VUS
CAV3,c.40G>A,HCM,Other,2,874,VUS
CSRP3,c.281+1G>C,HCM,Other,1,874,VUS
CSRP3,c.532C>T,HCM,Other,1,874,VUS
CSRP3,c.191G>A,HCM,Other,1,874,VUS
CSRP3,c.22G>A,HCM,Other,1,874,VUS
CSRP3,c.212T>C,HCM,Other,1,874,VUS
CSRP3,c.28T>C,HCM,Other,1,874,VUS
CSRP3,c.415-1G>T,HCM,Other,2,874,VUS
CSRP3,c.449G>A,HCM,Other,3,874,VUS
CSRP3,c.131T>C,HCM,Other,3,874,VUS
DES,c.616A>G,HCM,Other,1,874,VUS
DES,c.1286G>A,HCM,Other,1,874,VUS
DES,c.897+4_897+5delGG,HCM,Other,1,874,VUS
DSC2,c.1073C>T,HCM,Other,1,874,VUS
DSC2,c.266C>T,HCM,Other,1,874,VUS
DSC2,c.370C>T,HCM,Other,1,874,VUS
DSC2,c.824C>T,HCM,Other,1,874,VUS
DSC2,c.2056G>A,HCM,Other,1,874,VUS
DSC2,c.2287G>A,HCM,Other,1,874,VUS
DSC2,c.2624G>A,HCM,Other,1,874,VUS
DSC2,c.857G>T,HCM,Other,1,874,VUS
DSC2,c.172T>G,HCM,Other,1,874,VUS
DSC2,c.854T>C,HCM,Other,1,874,VUS
DSC2,c.1664-1G>T,HCM,Other,1,874,VUS
DSC2,c.2364_2366del,HCM,Other,1,874,VUS
DSC2,c.2368_2370delGGA,HCM,Other,1,874,VUS
DSC2,c.2335G>A,HCM,Other,1,874,VUS
DSC2,c.2498G>A,HCM,Other,1,874,VUS
DSC2,c.1787C>T,HCM,Other,2,874,VUS
DSC2,c.34G>A,HCM,Other,2,874,VUS
DSC2,c.3G>T,HCM,Other,2,874,VUS
DSC2,c.907G>A,HCM,Other,4,874,VUS
DSC2,c.2194T>G,HCM,Other,8,874,VUS
DSG2,c.1051_1052insC,HCM,Other,1,874,VUS
DSG2,c.1003A>G,HCM,Other,1,874,VUS
DSG2,c.1051A>C,HCM,Other,1,874,VUS
DSG2,c.1376A>G,HCM,Other,1,874,VUS
DSG2,c.3109A>G,HCM,Other,1,874,VUS
DSG2,c.545A>G,HCM,Other,1,874,VUS
DSG2,c.880A>G,HCM,Other,1,874,VUS
DSG2,c.2750C>T,HCM,Other,1,874,VUS
DSG2,c.2906C>T,HCM,Other,1,874,VUS
DSG2,c.3167C>T,HCM,Other,1,874,VUS
DSG2,c.1303G>A,HCM,Other,1,874,VUS
DSG2,c.3040G>A,HCM,Other,1,874,VUS
DSG2,c.3077G>A,HCM,Other,1,874,VUS
DSG2,c.3126G>C,HCM,Other,1,874,VUS
DSG2,c.961T>A,HCM,Other,1,874,VUS
DSG2,c.437G>A,HCM,Other,1,874,VUS
DSG2,c.2215A>T,HCM,Other,1,874,VUS
DSG2,c.121C>A,HCM,Other,2,874,VUS
DSG2,c.2110A>G,HCM,Other,3,874,VUS
DSP,c.1778A>G,HCM,Other,1,874,VUS
DSP,c.2345A>G,HCM,Other,1,874,VUS
DSP,c.5120A>G,HCM,Other,1,874,VUS
DSP,c.5363A>G,HCM,Other,1,874,VUS
DSP,c.7427A>T,HCM,Other,1,874,VUS
DSP,c.764A>T,HCM,Other,1,874,VUS
DSP,c.2773C>T,HCM,Other,1,874,VUS
DSP,c.4489C>T,HCM,Other,1,874,VUS
DSP,c.5178C>A,HCM,Other,1,874,VUS
DSP,c.4490G>A,HCM,Other,1,874,VUS
DSP,c.5221G>A,HCM,Other,1,874,VUS
DSP,c.7350G>C,HCM,Other,1,874,VUS
DSP,c.7738G>T,HCM,Other,1,874,VUS
DSP,c.3059T>C,HCM,Other,1,874,VUS
DSP,c.7632T>G,HCM,Other,1,874,VUS
DSP,c.4558A>T,HCM,Other,1,874,VUS
DSP,c.5804A>G,HCM,Other,1,874,VUS
DSP,c.682A>G,HCM,Other,1,874,VUS
DSP,c.8279C>T,HCM,Other,1,874,VUS
DSP,c.8426C>T,HCM,Other,1,874,VUS
DSP,c.8524C>T,HCM,Other,1,874,VUS
DSP,c.1445G>A,HCM,Other,1,874,VUS
DSP,c.1483G>A,HCM,Other,1,874,VUS
DSP,c.4105G>A,HCM,Other,1,874,VUS
DSP,c.4387G>A,HCM,Other,1,874,VUS
DSP,c.4997G>A,HCM,Other,1,874,VUS
DSP,c.5852G>A,HCM,Other,1,874,VUS
DSP,c.5881G>A,HCM,Other,1,874,VUS
DSP,c.939+5G>T,HCM,Other,1,874,VUS
DSP,c.8117A>T,HCM,Other,1,874,VUS
DSP,c.1696G>A,HCM,Other,1,874,VUS
DSP,c.3706A>G,HCM,Other,2,874,VUS
DSP,c.6881C>G,HCM,Other,2,874,VUS
DSP,c.8467C>G,HCM,Other,2,874,VUS
DSP,c.4775A>G,HCM,Other,2,874,VUS
DSP,c.2422C>T,HCM,Other,3,874,VUS
DSP,c.688G>A,HCM,Other,3,874,VUS
DSP,c.8191T>C,HCM,Other,4,874,VUS
JUP,c.1324A>T,HCM,Other,1,874,VUS
JUP,c.2069A>G,HCM,Other,1,874,VUS
JUP,c.1096C>G,HCM,Other,1,874,VUS
JUP,c.1372G>A,HCM,Other,1,874,VUS
JUP,c.434C>G,HCM,Other,1,874,VUS
JUP,c.2179G>A,HCM,Other,1,874,VUS
JUP,c.527G>A,HCM,Other,1,874,VUS
KCNE1,c.314C>T,HCM,Other,1,874,VUS
KCNE1,c.106C>T,HCM,Other,1,874,VUS
KCNE1,c.17C>A,HCM,Other,1,874,VUS
KCNE1,c.83C>T,HCM,Other,1,874,VUS
KCNE2,c.29C>T,HCM,Other,1,874,VUS
KCNE2,c.161T>C,HCM,Other,1,874,VUS
KCNE2,c.170T>C,HCM,Other,1,874,VUS
KCNE2,c.-13+5G>A,HCM,Other,1,874,VUS
KCNE2,c.357C>A,HCM,Other,1,874,VUS
KCNE2,c.40G>A,HCM,Other,2,874,VUS
KCNH2,c.3164G>A,HCM,Other,1,874,VUS
KCNH2,c.2300_2301del,HCM,Other,1,874,VUS
KCNH2,c.3416C>T,HCM,Other,1,874,VUS
KCNH2,c.2941A>G,HCM,Other,1,874,VUS
KCNH2,c.2617G>A,HCM,Other,2,874,VUS
KCNH2,c.1039C>T,HCM,Other,2,874,VUS
KCNH2,c.442C>T,HCM,Other,2,874,VUS
KCNH2,c.638A>G,HCM,Other,2,874,VUS
KCNH2,c.19C>T,HCM,Other,3,874,VUS
KCNH2,c.526C>T,HCM,Other,9,874,VUS
KCNH2,c.542G>A,HCM,Other,19,874,VUS
KCNH2,c.545_553del,HCM,Other,19,874,VUS
KCNH2,c.560_568delGCGCGGGCG,HCM,Other,21,874,VUS
KCNJ2,c.953A>G,HCM,Other,1,874,VUS
KCNQ1,c.1520G>A,HCM,Other,1,874,VUS
KCNQ1,c.797T>G,HCM,Other,1,874,VUS
KCNQ1,c.458C>T,HCM,Other,1,874,VUS
KCNQ1,c.944A>T,HCM,Other,1,874,VUS
KCNQ1,c.1591-4G>A,HCM,Other,1,874,VUS
KCNQ1,c.541C>T,HCM,Other,1,874,VUS
KCNQ1,c.1925G>T,HCM,Other,1,874,VUS
KCNQ1,c.1885G>A,HCM,Other,1,874,VUS
KCNQ1,c.1903G>A,HCM,Other,1,874,VUS
KCNQ1,c.217C>A,HCM,Other,1,874,VUS
KCNQ1,c.1179G>T,HCM,Other,2,874,VUS
KCNQ1,c.152_153insCGCGCCCAT,HCM,Other,24,874,VUS
LDB3,c.664G>A,HCM,Other,1,874,VUS
LDB3,c.566C>T,HCM,Other,1,874,VUS
LDB3,c.1672A>G,HCM,Other,1,874,VUS
LDB3,c.1487T>C,HCM,Other,1,874,VUS
LDB3,c.1460G>A,HCM,Other,1,874,VUS
LDB3,c.1049C>T,HCM,Other,1,874,VUS
LDB3,c.1036G>A,HCM,Other,1,874,VUS
LDB3,c.163G>A,HCM,Other,2,874,VUS
LDB3,c.1111G>A,HCM,Other,2,874,VUS
LDB3,c.1594G>C,HCM,Other,4,874,VUS
LMNA,c.953C>T,HCM,Other,1,874,VUS
LMNA,c.1873A>C,HCM,Other,1,874,VUS
LMNA,c.1231G>T,HCM,Other,1,874,VUS
LMNA,c.1874G>C,HCM,Other,1,874,VUS
LMNA,c.884C>T,HCM,Other,1,874,VUS
LMNA,c.895A>G,HCM,Other,1,874,VUS
LMNA,c.1930C>T,HCM,Other,2,874,VUS
MYBPC3,c.3682C>T,HCM,Other,1,874,VUS
MYBPC3,c.1090+1G>A,HCM,Other,1,874,VUS
MYBPC3,c.1628delA,HCM,Other,1,874,VUS
MYBPC3,c.1019_1026del,HCM,Other,1,874,VUS
MYBPC3,c.1084A>G,HCM,Other,1,874,VUS
MYBPC3,c.1765C>T,HCM,Other,1,874,VUS
MYBPC3,c.3728C>G,HCM,Other,1,874,VUS
MYBPC3,c.1072G>A,HCM,Other,1,874,VUS
MYBPC3,c.3751T>C,HCM,Other,1,874,VUS
MYBPC3,c.3697C>T,HCM,Other,1,874,VUS
MYBPC3,c.3627+1G>A,HCM,Other,1,874,VUS
MYBPC3,c.3621del,HCM,Other,1,874,VUS
MYBPC3,c.3402_3404del,HCM,Other,1,874,VUS
MYBPC3,c.3455_3466del,HCM,Other,1,874,VUS
MYBPC3,c.3596_3605del,HCM,Other,1,874,VUS
MYBPC3,c.3752A>G,HCM,Other,1,874,VUS
MYBPC3,c.1960C>T,HCM,Other,1,874,VUS
MYBPC3,c.3384G>C,HCM,Other,1,874,VUS
MYBPC3,c.3535G>A,HCM,Other,1,874,VUS
MYBPC3,c.917G>A,HCM,Other,1,874,VUS
MYBPC3,c.3491-3C>G,HCM,Other,1,874,VUS
MYBPC3,c.1445C>T,HCM,Other,1,874,VUS
MYBPC3,c.2728C>A,HCM,Other,1,874,VUS
MYBPC3,c.3572C>T,HCM,Other,1,874,VUS
MYBPC3,c.3798C>G,HCM,Other,1,874,VUS
MYBPC3,c.1457+5G>C,HCM,Other,1,874,VUS
MYBPC3,c.1928-2A>G,HCM,Other,1,874,VUS
MYBPC3,c.2737+2_2737+3delTG,HCM,Other,1,874,VUS
MYBPC3,c.1359del,HCM,Other,1,874,VUS
MYBPC3,c.1000G>A,HCM,Other,1,874,VUS
MYBPC3,c.2269G>A,HCM,Other,1,874,VUS
MYBPC3,c.3811C>T,HCM,Other,1,874,VUS
MYBPC3,c.999C>G,HCM,Other,1,874,VUS
MYBPC3,c.2603-1G>C,HCM,Other,1,874,VUS
MYBPC3,c.3333_3334insGTG,HCM,Other,1,874,VUS
MYBPC3,c.2275G>A,HCM,Other,1,874,VUS
MYBPC3,c.3107G>A,HCM,Other,1,874,VUS
MYBPC3,c.2604_2605TCC,HCM,Other,1,874,VUS
MYBPC3,c.2618C>A,HCM,Other,1,874,VUS
MYBPC3,c.3065G>C,HCM,Other,1,874,VUS
MYBPC3,c.1273C>T,HCM,Other,1,874,VUS
MYBPC3,c.1302C>A,HCM,Other,1,874,VUS
MYBPC3,c.1302C>G,HCM,Other,1,874,VUS
MYBPC3,c.1303C>T,HCM,Other,1,874,VUS
MYBPC3,c.2309-2A>G,HCM,Other,1,874,VUS
MYBPC3,c.1483C>T,HCM,Other,1,874,VUS
MYBPC3,c.1471G>A,HCM,Other,1,874,VUS
MYBPC3,c.2308G>A,HCM,Other,1,874,VUS
MYBPC3,c.3049G>A,HCM,Other,1,874,VUS
MYBPC3,c.3004C>T,HCM,Other,1,874,VUS
MYBPC3,c.1855G>A,HCM,Other,1,874,VUS
MYBPC3,c.2995-1G>A,HCM,Other,1,874,VUS
MYBPC3,c.859C>T,HCM,Other,1,874,VUS
MYBPC3,c.1246G>A,HCM,Other,1,874,VUS
MYBPC3,c.2179G>A,HCM,Other,1,874,VUS
MYBPC3,c.649A>G,HCM,Other,1,874,VUS
MYBPC3,c.2953A>T,HCM,Other,1,874,VUS
MYBPC3,c.613C>T,HCM,Other,1,874,VUS
MYBPC3,c.1227-2A>G,HCM,Other,1,874,VUS
MYBPC3,c.2512_2513insG,HCM,Other,1,874,VUS
MYBPC3,c.582_589del,HCM,Other,1,874,VUS
MYBPC3,c.2449C>T,HCM,Other,1,874,VUS
MYBPC3,c.1549G>C,HCM,Other,1,874,VUS
MYBPC3,c.3294G>A,HCM,Other,1,874,VUS
MYBPC3,c.2524_2525insT,HCM,Other,1,874,VUS
MYBPC3,c.2435A>G,HCM,Other,1,874,VUS
MYBPC3,c.2403G>C,HCM,Other,1,874,VUS
MYBPC3,c.2428C>T,HCM,Other,1,874,VUS
MYBPC3,c.2905+5G>T,HCM,Other,1,874,VUS
MYBPC3,c.3257G>A,HCM,Other,1,874,VUS
MYBPC3,c.1573T>C,HCM,Other,1,874,VUS
MYBPC3,c.121_122insC,HCM,Other,1,874,VUS
MYBPC3,c.1580T>C,HCM,Other,1,874,VUS
MYBPC3,c.126G>A,HCM,Other,1,874,VUS
MYBPC3,c.2557del,HCM,Other,1,874,VUS
MYBPC3,c.216_217insGG,HCM,Other,1,874,VUS
MYBPC3,c.2788C>G,HCM,Other,1,874,VUS
MYBPC3,c.223G>A,HCM,Other,1,874,VUS
MYBPC3,c.1591G>C,HCM,Other,1,874,VUS
MYBPC3,c.821+2T>C,HCM,Other,1,874,VUS
MYBPC3,c.1624G>T,HCM,Other,1,874,VUS
MYBPC3,c.1123G>A,HCM,Other,1,874,VUS
MYBPC3,c.505+5G>A,HCM,Other,1,874,VUS
MYBPC3,c.1786G>A,HCM,Other,2,874,VUS
MYBPC3,c.13G>C,HCM,Other,2,874,VUS
MYBPC3,c.3763G>A,HCM,Other,2,874,VUS
MYBPC3,c.3582_3593delGGGCTACACTGC,HCM,Other,2,874,VUS
MYBPC3,c.1457+4A>G,HCM,Other,2,874,VUS
MYBPC3,c.2603-2A>G,HCM,Other,2,874,VUS
MYBPC3,c.927-2A>G,HCM,Other,2,874,VUS
MYBPC3,c.3190+5G>A,HCM,Other,2,874,VUS
MYBPC3,c.1234_1235insT,HCM,Other,2,874,VUS
MYBPC3,c.1237_1238insT,HCM,Other,2,874,VUS
MYBPC3,c.3326C>T,HCM,Other,2,874,VUS
MYBPC3,c.2497G>A,HCM,Other,2,874,VUS
MYBPC3,c.2149-5C>T,HCM,Other,2,874,VUS
MYBPC3,c.710A>C,HCM,Other,2,874,VUS
MYBPC3,c.2459G>A,HCM,Other,2,874,VUS
MYBPC3,c.2905+1G>A,HCM,Other,2,874,VUS
MYBPC3,c.2544del,HCM,Other,2,874,VUS
MYBPC3,c.2545del,HCM,Other,2,874,VUS
MYBPC3,c.2864_2865delCT,HCM,Other,2,874,VUS
MYBPC3,c.2093del,HCM,Other,3,874,VUS
MYBPC3,c.2096delC,HCM,Other,3,874,VUS
MYBPC3,c.351_352del,HCM,Other,3,874,VUS
MYBPC3,c.961G>A,HCM,Other,3,874,VUS
MYBPC3,c.2605C>A,HCM,Other,3,874,VUS
MYBPC3,c.2429G>A,HCM,Other,3,874,VUS
MYBPC3,c.1090+1G>T,HCM,Other,4,874,VUS
MYBPC3,c.3771C>A,HCM,Other,4,874,VUS
MYBPC3,c.2610delC,HCM,Other,4,874,VUS
MYBPC3,c.2604del,HCM,Other,4,874,VUS
MYBPC3,c.1483C>G,HCM,Other,4,874,VUS
MYBPC3,c.1624G>C,HCM,Other,4,874,VUS
MYBPC3,c.2827C>T,HCM,Other,5,874,VUS
MYBPC3,c.174_184del,HCM,Other,5,874,VUS
MYBPC3,c.1484G>A,HCM,Other,5,874,VUS
MYBPC3,c.3330+5G>C,HCM,Other,6,874,VUS
MYBPC3,c.3227_3228insT,HCM,Other,6,874,VUS
MYBPC3,c.655G>C,HCM,Other,7,874,VUS
MYBPC3,c.772G>A,HCM,Other,10,874,VUS
MYBPC3,c.2374_2375insG,HCM,Other,11,874,VUS
MYBPC3,c.2373_2374insG,HCM,Other,11,874,VUS
MYBPC3,c.1504C>T,HCM,Other,18,874,VUS
MYBPC3,c.1624+4A>T,HCM,Other,23,874,VUS
MYH6,c.5192_5194del,HCM,Other,1,874,VUS
MYH6,c.1763A>C,HCM,Other,1,874,VUS
MYH6,c.3299A>T,HCM,Other,1,874,VUS
MYH6,c.2425C>T,HCM,Other,1,874,VUS
MYH6,c.2578C>T,HCM,Other,1,874,VUS
MYH6,c.2716C>T,HCM,Other,1,874,VUS
MYH6,c.1294G>C,HCM,Other,1,874,VUS
MYH6,c.3010G>T,HCM,Other,1,874,VUS
MYH6,c.3164G>A,HCM,Other,1,874,VUS
MYH6,c.4602G>C,HCM,Other,1,874,VUS
MYH6,c.1177T>G,HCM,Other,1,874,VUS
MYH6,c.1581+3G>A,HCM,Other,1,874,VUS
MYH6,c.5163+1G>T,HCM,Other,1,874,VUS
MYH6,c.4874A>G,HCM,Other,1,874,VUS
MYH6,c.1327C>T,HCM,Other,1,874,VUS
MYH6,c.2353C>T,HCM,Other,1,874,VUS
MYH6,c.245C>T,HCM,Other,1,874,VUS
MYH6,c.2614C>T,HCM,Other,1,874,VUS
MYH6,c.3893C>T,HCM,Other,1,874,VUS
MYH6,c.3932C>T,HCM,Other,1,874,VUS
MYH6,c.4136C>T,HCM,Other,1,874,VUS
MYH6,c.4328C>A,HCM,Other,1,874,VUS
MYH6,c.4704C>A,HCM,Other,1,874,VUS
MYH6,c.5140C>T,HCM,Other,1,874,VUS
MYH6,c.530C>T,HCM,Other,1,874,VUS
MYH6,c.5644C>A,HCM,Other,1,874,VUS
MYH6,c.1048G>A,HCM,Other,1,874,VUS
MYH6,c.1056G>C,HCM,Other,1,874,VUS
MYH6,c.1361G>T,HCM,Other,1,874,VUS
MYH6,c.3860G>A,HCM,Other,1,874,VUS
MYH6,c.4082G>A,HCM,Other,1,874,VUS
MYH6,c.4193G>A,HCM,Other,1,874,VUS
MYH6,c.81G>C,HCM,Other,1,874,VUS
MYH6,c.4352T>A,HCM,Other,1,874,VUS
MYH6,c.1316G>A,HCM,Other,1,874,VUS
MYH6,c.292G>A,HCM,Other,1,874,VUS
MYH6,c.5594G>A,HCM,Other,1,874,VUS
MYH6,c.2065C>A,HCM,Other,1,874,VUS
MYH6,c.5410C>A,HCM,Other,1,874,VUS
MYH6,c.5072G>A,HCM,Other,1,874,VUS
MYH6,c.409G>A,HCM,Other,1,874,VUS
MYH6,c.3628G>A,HCM,Other,1,874,VUS
MYH6,c.5575G>A,HCM,Other,1,874,VUS
MYH6,c.3346C>A,HCM,Other,1,874,VUS
MYH6,c.3514G>A,HCM,Other,1,874,VUS
MYH6,c.3427C>T,HCM,Other,1,874,VUS
MYH6,c.70C>A,HCM,Other,2,874,VUS
MYH6,c.4505G>A,HCM,Other,2,874,VUS
MYH6,c.5476G>A,HCM,Other,2,874,VUS
MYH6,c.5477G>A,HCM,Other,2,874,VUS
MYH6,c.824T>A,HCM,Other,2,874,VUS
MYH6,c.2928+5G>A,HCM,Other,7,874,VUS
MYH7,c.1331A>G,HCM,Other,1,874,VUS
MYH7,c.2783A>G,HCM,Other,1,874,VUS
MYH7,c.2792A>G,HCM,Other,1,874,VUS
MYH7,c.2846A>T,HCM,Other,1,874,VUS
MYH7,c.2167C>G,HCM,Other,1,874,VUS
MYH7,c.2722C>G,HCM,Other,1,874,VUS
MYH7,c.904C>A,HCM,Other,1,874,VUS
MYH7,c.1208G>A,HCM,Other,1,874,VUS
MYH7,c.1231G>A,HCM,Other,1,874,VUS
MYH7,c.1358G>T,HCM,Other,1,874,VUS
MYH7,c.1447G>A,HCM,Other,1,874,VUS
MYH7,c.1491G>T,HCM,Other,1,874,VUS
MYH7,c.2221G>C,HCM,Other,1,874,VUS
MYH7,c.2221G>T,HCM,Other,1,874,VUS
MYH7,c.2770G>A,HCM,Other,1,874,VUS
MYH7,c.2770G>C,HCM,Other,1,874,VUS
MYH7,c.746G>A,HCM,Other,1,874,VUS
MYH7,c.767G>A,HCM,Other,1,874,VUS
MYH7,c.1021T>C,HCM,Other,1,874,VUS
MYH7,c.1433T>A,HCM,Other,1,874,VUS
MYH7,c.1870T>A,HCM,Other,1,874,VUS
MYH7,c.2945T>C,HCM,Other,1,874,VUS
MYH7,c.788T>C,HCM,Other,1,874,VUS
MYH7,c.2537_2539del,HCM,Other,1,874,VUS
MYH7,c.2464A>T,HCM,Other,1,874,VUS
MYH7,c.3770A>G,HCM,Other,1,874,VUS
MYH7,c.4664A>G,HCM,Other,1,874,VUS
MYH7,c.5779A>T,HCM,Other,1,874,VUS
MYH7,c.2375C>A,HCM,Other,1,874,VUS
MYH7,c.2605C>A,HCM,Other,1,874,VUS
MYH7,c.3981C>A,HCM,Other,1,874,VUS
MYH7,c.4250C>T,HCM,Other,1,874,VUS
MYH7,c.2348G>A,HCM,Other,1,874,VUS
MYH7,c.2534G>A,HCM,Other,1,874,VUS
MYH7,c.2573G>A,HCM,Other,1,874,VUS
MYH7,c.2606G>A,HCM,Other,1,874,VUS
MYH7,c.298G>A,HCM,Other,1,874,VUS
MYH7,c.4259G>A,HCM,Other,1,874,VUS
MYH7,c.4817G>A,HCM,Other,1,874,VUS
MYH7,c.506G>A,HCM,Other,1,874,VUS
MYH7,c.50G>A,HCM,Other,1,874,VUS
MYH7,c.5342G>A,HCM,Other,1,874,VUS
MYH7,c.5690G>A,HCM,Other,1,874,VUS
MYH7,c.715G>A,HCM,Other,1,874,VUS
MYH7,c.5294T>A,HCM,Other,1,874,VUS
MYH7,c.345C>A,HCM,Other,1,874,VUS
MYH7,c.5559+4C>T,HCM,Other,1,874,VUS
MYH7,c.2155C>T,HCM,Other,1,874,VUS
MYH7,c.5654C>T,HCM,Other,1,874,VUS
MYH7,c.428G>A,HCM,Other,1,874,VUS
MYH7,c.2669A>C,HCM,Other,1,874,VUS
MYH7,c.3622G>A,HCM,Other,1,874,VUS
MYH7,c.5135G>A,HCM,Other,1,874,VUS
MYH7,c.2081G>A,HCM,Other,1,874,VUS
MYH7,c.2092G>C,HCM,Other,1,874,VUS
MYH7,c.3593A>G,HCM,Other,1,874,VUS
MYH7,c.1051A>G,HCM,Other,2,874,VUS
MYH7,c.1063G>T,HCM,Other,2,874,VUS
MYH7,c.1144G>T,HCM,Other,2,874,VUS
MYH7,c.2539A>G,HCM,Other,2,874,VUS
MYH7,c.2605C>T,HCM,Other,2,874,VUS
MYH7,c.2606G>C,HCM,Other,2,874,VUS
MYH7,c.2156G>A,HCM,Other,2,874,VUS
MYH7,c.2681A>G,HCM,Other,3,874,VUS
MYH7,c.1207C>T,HCM,Other,3,874,VUS
MYH7,c.1987C>T,HCM,Other,3,874,VUS
MYH7,c.2389G>A,HCM,Other,3,874,VUS
MYH7,c.2360G>A,HCM,Other,3,874,VUS
MYH7,c.1063G>A,HCM,Other,4,874,VUS
MYH7,c.1816G>A,HCM,Other,4,874,VUS
MYH7,c.1279C>A,HCM,Other,4,874,VUS
MYH7,c.2167C>T,HCM,Other,4,874,VUS
MYH7,c.2717A>G,HCM,Other,5,874,VUS
MYH7,c.1988G>A,HCM,Other,5,874,VUS
MYH7,c.2609G>A,HCM,Other,5,874,VUS
MYH7,c.4066G>A,HCM,Other,5,874,VUS
MYH7,c.2890G>C,HCM,Other,6,874,VUS
MYL2,c.141C>A,HCM,Other,1,874,VUS
MYL2,c.173G>A,HCM,Other,1,874,VUS
MYL2,c.64G>A,HCM,Other,1,874,VUS
MYL2,c.376C>G,HCM,Other,1,874,VUS
MYL2,c.260G>C,HCM,Other,1,874,VUS
MYL2,c.401A>C,HCM,Other,2,874,VUS
MYL2,c.37G>A,HCM,Other,2,874,VUS
MYL3,c.530A>G,HCM,Other,1,874,VUS
MYL3,c.476C>T,HCM,Other,1,874,VUS
MYL3,c.188G>A,HCM,Other,1,874,VUS
MYL3,c.437G>A,HCM,Other,1,874,VUS
MYL3,c.460C>T,HCM,Other,2,874,VUS
PDLIM3,c.339C>G,HCM,Other,1,874,VUS
PDLIM3,c.547G>T,HCM,Other,1,874,VUS
PDLIM3,c.964G>A,HCM,Other,1,874,VUS
PDLIM3,c.715G>A,HCM,Other,1,874,VUS
PDLIM3,c.169A>G,HCM,Other,2,874,VUS
PDLIM3,c.683C>T,HCM,Other,2,874,VUS
PDLIM3,c.1027A>G,HCM,Other,3,874,VUS
PKP2,c.1035-1G>C,HCM,Other,1,874,VUS
PKP2,c.2146-1G>C,HCM,Other,1,874,VUS
PKP2,c.1643delG,HCM,Other,1,874,VUS
PKP2,c.346A>G,HCM,Other,1,874,VUS
PKP2,c.307C>A,HCM,Other,1,874,VUS
PKP2,c.307C>G,HCM,Other,1,874,VUS
PKP2,c.259G>C,HCM,Other,1,874,VUS
PKP2,c.2431C>A,HCM,Other,1,874,VUS
PKP2,c.1095G>A,HCM,Other,1,874,VUS
PKP2,c.485C>T,HCM,Other,1,874,VUS
PKP2,c.775G>T,HCM,Other,1,874,VUS
PKP2,c.964G>T,HCM,Other,1,874,VUS
PKP2,c.1941T>G,HCM,Other,2,874,VUS
PKP2,c.1550A>G,HCM,Other,2,874,VUS
PKP2,c.302G>A,HCM,Other,2,874,VUS
PKP2,c.493G>A,HCM,Other,2,874,VUS
PKP2,c.1420G>A,HCM,Other,3,874,VUS
PKP2,c.174G>T,HCM,Other,13,874,VUS
PLN,c.-97-2A>T,HCM,Other,1,874,VUS
PLN,c.61_62insCT,HCM,Other,1,874,VUS
PLN,c.73C>T,HCM,Other,1,874,VUS
PLN,c.26G>A,HCM,Other,1,874,VUS
PLN,c.74G>A,HCM,Other,1,874,VUS
PLN,c.152T>C,HCM,Other,1,874,VUS
PLN,c.53T>C,HCM,Other,1,874,VUS
RBM20,c.2887A>G,HCM,Other,1,874,VUS
RBM20,c.3014A>G,HCM,Other,1,874,VUS
RBM20,c.1451C>T,HCM,Other,1,874,VUS
RBM20,c.3115C>T,HCM,Other,1,874,VUS
RBM20,c.3266C>G,HCM,Other,1,874,VUS
RBM20,c.1135G>A,HCM,Other,1,874,VUS
RBM20,c.1144G>T,HCM,Other,1,874,VUS
RBM20,c.1201G>A,HCM,Other,1,874,VUS
RBM20,c.1633G>A,HCM,Other,1,874,VUS
RBM20,c.2905G>A,HCM,Other,1,874,VUS
RBM20,c.3047G>C,HCM,Other,1,874,VUS
RBM20,c.1265T>C,HCM,Other,1,874,VUS
RBM20,c.2318A>G,HCM,Other,1,874,VUS
RBM20,c.1027C>T,HCM,Other,1,874,VUS
RBM20,c.2333C>T,HCM,Other,1,874,VUS
RBM20,c.3265C>G,HCM,Other,1,874,VUS
RBM20,c.1057G>A,HCM,Other,1,874,VUS
RBM20,c.1093G>A,HCM,Other,1,874,VUS
RBM20,c.2264G>A,HCM,Other,1,874,VUS
RBM20,c.680G>T,HCM,Other,1,874,VUS
RBM20,c.2116C>A,HCM,Other,1,874,VUS
RBM20,c.2213C>T,HCM,Other,1,874,VUS
RBM20,c.2239C>T,HCM,Other,1,874,VUS
RBM20,c.2201G>A,HCM,Other,1,874,VUS
RBM20,c.923T>C,HCM,Other,1,874,VUS
RBM20,c.1958C>T,HCM,Other,1,874,VUS
RBM20,c.2014G>A,HCM,Other,1,874,VUS
RBM20,c.3004C>G,HCM,Other,2,874,VUS
RBM20,c.1766G>A,HCM,Other,2,874,VUS
RBM20,c.3023G>A,HCM,Other,2,874,VUS
RBM20,c.2662G>A,HCM,Other,6,874,VUS
RBM20,c.122_123insGCA,HCM,Other,64,874,VUS
RYR2,c.13260+1->TAAT,HCM,Other,1,874,VUS
RYR2,c.5917-1G>C,HCM,Other,1,874,VUS
RYR2,c.1243A>G,HCM,Other,1,874,VUS
RYR2,c.2342A>G,HCM,Other,1,874,VUS
RYR2,c.2539A>G,HCM,Other,1,874,VUS
RYR2,c.7750A>G,HCM,Other,1,874,VUS
RYR2,c.9560A>G,HCM,Other,1,874,VUS
RYR2,c.10681C>G,HCM,Other,1,874,VUS
RYR2,c.14062C>G,HCM,Other,1,874,VUS
RYR2,c.1510C>G,HCM,Other,1,874,VUS
RYR2,c.2305C>G,HCM,Other,1,874,VUS
RYR2,c.2401C>T,HCM,Other,1,874,VUS
RYR2,c.2716C>G,HCM,Other,1,874,VUS
RYR2,c.3037C>T,HCM,Other,1,874,VUS
RYR2,c.3151C>T,HCM,Other,1,874,VUS
RYR2,c.3163C>T,HCM,Other,1,874,VUS
RYR2,c.5294C>G,HCM,Other,1,874,VUS
RYR2,c.5680C>A,HCM,Other,1,874,VUS
RYR2,c.1559G>T,HCM,Other,1,874,VUS
RYR2,c.2104G>A,HCM,Other,1,874,VUS
RYR2,c.2267G>A,HCM,Other,1,874,VUS
RYR2,c.2935G>T,HCM,Other,1,874,VUS
RYR2,c.3481G>C,HCM,Other,1,874,VUS
RYR2,c.5102G>C,HCM,Other,1,874,VUS
RYR2,c.6450G>A,HCM,Other,1,874,VUS
RYR2,c.7624G>A,HCM,Other,1,874,VUS
RYR2,c.8274G>T,HCM,Other,1,874,VUS
RYR2,c.9455G>T,HCM,Other,1,874,VUS
RYR2,c.9569G>A,HCM,Other,1,874,VUS
RYR2,c.1976T>G,HCM,Other,1,874,VUS
RYR2,c.5266T>G,HCM,Other,1,874,VUS
RYR2,c.2080C>T,HCM,Other,1,874,VUS
RYR2,c.2203+5G>A,HCM,Other,1,874,VUS
RYR2,c.5662C>T,HCM,Other,1,874,VUS
RYR2,c.13093G>A,HCM,Other,1,874,VUS
RYR2,c.454G>A,HCM,Other,1,874,VUS
RYR2,c.12773T>A,HCM,Other,1,874,VUS
RYR2,c.2828T>C,HCM,Other,1,874,VUS
RYR2,c.4465T>C,HCM,Other,1,874,VUS
RYR2,c.10231-4T>C,HCM,Other,1,874,VUS
RYR2,c.14152-3T>C,HCM,Other,1,874,VUS
RYR2,c.4069G>C,HCM,Other,2,874,VUS
RYR2,c.3038G>A,HCM,Other,2,874,VUS
RYR2,c.3356G>A,HCM,Other,2,874,VUS
RYR2,c.8162T>C,HCM,Other,4,874,VUS
SCN5A,c.1340C>G,HCM,Other,1,874,VUS
SCN5A,c.619A>G,HCM,Other,1,874,VUS
SCN5A,c.5336C>T,HCM,Other,1,874,VUS
SCN5A,c.5743C>T,HCM,Other,1,874,VUS
SCN5A,c.3718G>C,HCM,Other,1,874,VUS
SCN5A,c.5455G>A,HCM,Other,1,874,VUS
SCN5A,c.4342A>C,HCM,Other,1,874,VUS
SCN5A,c.3835G>A,HCM,Other,1,874,VUS
SCN5A,c.3682T>C,HCM,Other,1,874,VUS
SCN5A,c.6016C>G,HCM,Other,1,874,VUS
SCN5A,c.496G>A,HCM,Other,1,874,VUS
SCN5A,c.5968G>C,HCM,Other,1,874,VUS
SCN5A,c.5885C>T,HCM,Other,1,874,VUS
SCN5A,c.1655G>C,HCM,Other,1,874,VUS
SCN5A,c.2039G>A,HCM,Other,1,874,VUS
SCN5A,c.1755_1760del,HCM,Other,1,874,VUS
SCN5A,c.1756_1761delGCCCTC,HCM,Other,1,874,VUS
SCN5A,c.2014G>A,HCM,Other,1,874,VUS
SCN5A,c.4437+4C>T,HCM,Other,1,874,VUS
SCN5A,c.1982G>A,HCM,Other,1,874,VUS
SCN5A,c.2399G>T,HCM,Other,1,874,VUS
SCN5A,c.3878T>C,HCM,Other,1,874,VUS
SCN5A,c.3922C>T,HCM,Other,1,874,VUS
SCN5A,c.2944T>C,HCM,Other,1,874,VUS
SCN5A,c.1336G>A,HCM,Other,2,874,VUS
SCN5A,c.373G>C,HCM,Other,2,874,VUS
SCN5A,c.659C>T,HCM,Other,2,874,VUS
SCN5A,c.2074C>A,HCM,Other,2,874,VUS
SCN5A,c.52C>T,HCM,Other,2,874,VUS
SCN5A,c.3911C>T,HCM,Other,2,874,VUS
SCN5A,c.3010T>C,HCM,Other,2,874,VUS
SCN5A,c.5360G>A,HCM,Other,3,874,VUS
SCN5A,c.2437-5C>A,HCM,Other,3,874,VUS
TCAP,c.4G>A,HCM,Other,1,874,VUS
TCAP,c.33_35delGGA,HCM,Other,1,874,VUS
TCAP,c.37_39delGAG,HCM,Other,1,874,VUS
TCAP,c.353C>T,HCM,Other,1,874,VUS
TCAP,c.337C>T,HCM,Other,1,874,VUS
TCAP,c.317G>T,HCM,Other,1,874,VUS
TCAP,c.32C>T,HCM,Other,2,874,VUS
TGFB3,c.580C>T,HCM,Other,1,874,VUS
TGFB3,c.592G>A,HCM,Other,1,874,VUS
TGFB3,c.813G>C,HCM,Other,1,874,VUS
TGFB3,c.293C>T,HCM,Other,1,874,VUS
TGFB3,c.355G>A,HCM,Other,1,874,VUS
TMEM43,c.83G>A,HCM,Other,1,874,VUS
TMEM43,c.91G>A,HCM,Other,1,874,VUS
TMEM43,c.829A>T,HCM,Other,1,874,VUS
TMEM43,c.601G>A,HCM,Other,1,874,VUS
TMEM43,c.280G>A,HCM,Other,1,874,VUS
TMEM43,c.518T>C,HCM,Other,1,874,VUS
TNNC1,c.272G>A,HCM,Other,1,874,VUS
TNNC1,c.203-5C>T,HCM,Other,1,874,VUS
TNNC1,c.430A>G,HCM,Other,1,874,VUS
TNNC1,c.130G>A,HCM,Other,1,874,VUS
TNNI3,c.470C>T,HCM,Other,1,874,VUS
TNNI3,c.592C>G,HCM,Other,1,874,VUS
TNNI3,c.422G>A,HCM,Other,1,874,VUS
TNNI3,c.511G>A,HCM,Other,1,874,VUS
TNNI3,c.557G>A,HCM,Other,1,874,VUS
TNNI3,c.114A>T,HCM,Other,1,874,VUS
TNNI3,c.235C>T,HCM,Other,1,874,VUS
TNNI3,c.484C>T,HCM,Other,2,874,VUS
TNNI3,c.526G>A,HCM,Other,2,874,VUS
TNNI3,c.586G>A,HCM,Other,2,874,VUS
TNNI3,c.485G>A,HCM,Other,3,874,VUS
TNNI3,c.433C>T,HCM,Other,4,874,VUS
TNNT2,c.535T>G,HCM,Other,1,874,VUS
TNNT2,c.580A>G,HCM,Other,1,874,VUS
TNNT2,c.83C>T,HCM,Other,1,874,VUS
TNNT2,c.236T>A,HCM,Other,1,874,VUS
TNNT2,c.812A>T,HCM,Other,1,874,VUS
TNNT2,c.275G>A,HCM,Other,1,874,VUS
TNNT2,c.281G>A,HCM,Other,1,874,VUS
TNNT2,c.860G>A,HCM,Other,1,874,VUS
TNNT2,c.833G>C,HCM,Other,1,874,VUS
TNNT2,c.822-3C>A,HCM,Other,1,874,VUS
TNNT2,c.785A>G,HCM,Other,2,874,VUS
TNNT2,c.274C>T,HCM,Other,2,874,VUS
TNNT2,c.857G>A,HCM,Other,2,874,VUS
TNNT2,c.478_480del,HCM,Other,3,874,VUS
TNNT2,c.487_489delGAG,HCM,Other,3,874,VUS
TNNT2,c.311C>T,HCM,Other,3,874,VUS
TNNT2,c.832C>T,HCM,Other,8,874,VUS
TPM1,c.761A>G,HCM,Other,1,874,VUS
TPM1,c.791A>G,HCM,Other,1,874,VUS
TPM1,c.188C>T,HCM,Other,1,874,VUS
TPM1,c.746T>G,HCM,Other,1,874,VUS
TPM1,c.375-5T>C,HCM,Other,1,874,VUS
TPM1,c.548C>T,HCM,Other,1,874,VUS
TPM1,c.110A>C,HCM,Other,1,874,VUS
TPM1,c.574G>A,HCM,Other,2,874,VUS
TPM1,c.82G>A,HCM,Other,3,874,VUS
VCL,c.2774_2779delTAGGTG,HCM,Other,1,874,VUS
VCL,c.2861_2863delTGT,HCM,Other,1,874,VUS
VCL,c.1907A>G,HCM,Other,1,874,VUS
VCL,c.2959A>G,HCM,Other,1,874,VUS
VCL,c.1841C>T,HCM,Other,1,874,VUS
VCL,c.1940C>T,HCM,Other,1,874,VUS
VCL,c.2801C>T,HCM,Other,1,874,VUS
VCL,c.2827C>G,HCM,Other,1,874,VUS
VCL,c.590C>T,HCM,Other,1,874,VUS
VCL,c.644C>T,HCM,Other,1,874,VUS
VCL,c.1237G>A,HCM,Other,1,874,VUS
VCL,c.1917G>T,HCM,Other,1,874,VUS
VCL,c.563G>A,HCM,Other,1,874,VUS
VCL,c.1832T>C,HCM,Other,1,874,VUS
VCL,c.1177-5T>C,HCM,Other,1,874,VUS
VCL,c.1621C>G,HCM,Other,1,874,VUS
VCL,c.1157A>G,HCM,Other,2,874,VUS
VCL,c.1166A>G,HCM,Other,2,874,VUS
VCL,c.1973T>C,HCM,Other,3,874,VUS
VCL,c.1555A>C,HCM,Other,3,874,VUS
TTN,c.1186G>A,DCM,LMM,1,156,VUS - 4
TTN,c.2605A>T,DCM,LMM,1,156,VUS - 4
TTN,c.3469G>A,DCM,LMM,1,156,VUS - 4
TTN,c.4034G>A,DCM,LMM,2,156,Likely Benign
TTN,c.5132C>T,DCM,LMM,1,156,VUS - 4
TTN,c.5231C>T,DCM,LMM,1,156,Likely Benign
TTN,c.5479G>T,DCM,LMM,1,156,VUS - 4
TTN,c.5582G>A,DCM,LMM,1,156,VUS - 4
TTN,c.5993G>A,DCM,LMM,1,156,VUS - 3
TTN,c.6029A>G,DCM,LMM,1,156,VUS - 4
TTN,c.6478A>G,DCM,LMM,1,156,VUS - 4
TTN,c.6941T>C,DCM,LMM,1,156,VUS - 4
TTN,c.7961G>A,DCM,LMM,1,156,Likely Benign
TTN,c.9674A>G,DCM,LMM,1,156,VUS - 4
TTN,c.11140A>G,DCM,LMM,1,156,VUS - 4
TTN,c.11450G>A,DCM,LMM,1,156,VUS - 4
TTN,c.11506G>A,DCM,LMM,1,156,VUS - 4
TTN,c.11672C>T,DCM,LMM,1,156,VUS - 4
TTN,c.12037G>A,DCM,LMM,1,156,VUS - 4
TTN,c.12145C>T,DCM,LMM,1,156,VUS - 4
TTN,c.12580A>T,DCM,LMM,3,156,Likely Benign
TTN,c.13859G>A,DCM,LMM,2,156,VUS - 3
TTN,c.13976A>G,DCM,LMM,1,156,VUS - 3
TTN,c.14870C>G,DCM,LMM,2,156,Likely Benign
TTN,c.14984C>G,DCM,LMM,3,156,Likely Benign
TTN,c.15178G>A,DCM,LMM,1,156,Likely Benign
TTN,c.15178G>C,DCM,LMM,1,156,Likely Benign
TTN,c.16303G>A,DCM,LMM,3,156,Likely Benign
TTN,c.16313A>G,DCM,LMM,1,156,VUS - 3
TTN,c.16529A>G,DCM,LMM,1,156,Likely Benign
TTN,c.18663A>C,DCM,LMM,1,156,VUS - 4
TTN,c.18776C>G,DCM,LMM,1,156,Likely Benign
TTN,c.18824A>G,DCM,LMM,2,156,VUS - 3
TTN,c.19015T>C,DCM,LMM,1,156,VUS - 4
TTN,c.19150C>A,DCM,LMM,1,156,VUS - 3
TTN,c.20175A>G,DCM,LMM,2,156,VUS - 3
TTN,c.20260A>G,DCM,LMM,1,156,VUS - 4
TTN,c.20742T>A,DCM,LMM,1,156,VUS - 4
TTN,c.21173G>A,DCM,LMM,1,156,Likely Benign
TTN,c.21668G>A,DCM,LMM,1,156,VUS - 3
TTN,c.21779C>A,DCM,LMM,1,156,VUS - 3
TTN,c.22090C>T,DCM,LMM,1,156,VUS - 4
TTN,c.22386T>G,DCM,LMM,1,156,VUS - 4
TTN,c.22634G>A,DCM,LMM,1,156,Likely Benign
TTN,c.23177C>T,DCM,LMM,4,156,Likely Benign
TTN,c.23232C>G,DCM,LMM,1,156,Likely Benign
TTN,c.23538C>G,DCM,LMM,2,156,VUS - 3
TTN,c.24344G>A,DCM,LMM,1,156,VUS - 4
TTN,c.24820G>A,DCM,LMM,1,156,Likely Benign
TTN,c.24973A>G,DCM,LMM,1,156,Likely Benign
TTN,c.25046C>G,DCM,LMM,1,156,VUS - 4
TTN,c.25490G>A,DCM,LMM,2,156,VUS - 3
TTN,c.26528C>T,DCM,LMM,1,156,VUS - 3
TTN,c.26672A>G,DCM,LMM,1,156,VUS - 3
TTN,c.26765G>A,DCM,LMM,1,156,VUS - 4
TTN,c.26935A>C,DCM,LMM,1,156,VUS - 4
TTN,c.28754A>C,DCM,LMM,1,156,VUS - 4
TTN,c.28970C>T,DCM,LMM,1,156,Likely Benign
TTN,c.29128G>A,DCM,LMM,1,156,Likely Benign
TTN,c.29938G>A,DCM,LMM,1,156,VUS - 3
TTN,c.31399G>A,DCM,LMM,1,156,VUS - 4
TTN,c.31757C>A,DCM,LMM,1,156,VUS - 4
TTN,c.31837C>G,DCM,LMM,1,156,VUS - 4
TTN,c.32350C>G,DCM,LMM,1,156,Likely Benign
TTN,c.32480C>T,DCM,LMM,1,156,VUS - 3
TTN,c.32624C>T,DCM,LMM,2,156,Likely Benign
TTN,c.33053G>A,DCM,LMM,1,156,VUS - 3
TTN,c.34566A>C,DCM,LMM,2,156,VUS - 3
TTN,c.37432C>T,DCM,LMM,2,156,VUS - 3
TTN,c.39085C>A,DCM,LMM,1,156,VUS - 4
TTN,c.39163A>G,DCM,LMM,1,156,VUS - 4
TTN,c.39301G>A,DCM,LMM,1,156,VUS - 4
TTN,c.42329T>C,DCM,LMM,1,156,VUS - 3
TTN,c.42509T>C,DCM,LMM,1,156,VUS - 4
TTN,c.43019T>C,DCM,LMM,1,156,VUS - 4
TTN,c.43603C>T,DCM,LMM,2,156,Likely Benign
TTN,c.45175G>A,DCM,LMM,2,156,VUS - 3
TTN,c.45328G>A,DCM,LMM,4,156,Likely Benign
TTN,c.45408G>T,DCM,LMM,2,156,Likely Benign
TTN,c.46387G>A,DCM,LMM,1,156,VUS - 4
TTN,c.46880C>T,DCM,LMM,1,156,Likely Benign
TTN,c.47191C>T,DCM,LMM,1,156,Likely Benign
TTN,c.47315G>A,DCM,LMM,1,156,Likely Benign
TTN,c.47545C>A,DCM,LMM,2,156,VUS - 3
TTN,c.47723G>A,DCM,LMM,2,156,Likely Benign
TTN,c.47887A>G,DCM,LMM,1,156,VUS - 4
TTN,c.48395G>A,DCM,LMM,1,156,VUS - 3
TTN,c.48953T>C,DCM,LMM,1,156,VUS - 3
TTN,c.49413G>T,DCM,LMM,1,156,VUS - 3
TTN,c.49919G>C,DCM,LMM,2,156,VUS - 3
TTN,c.50363T>C,DCM,LMM,1,156,VUS - 4
TTN,c.50647C>T,DCM,LMM,1,156,VUS - 4
TTN,c.53096G>A,DCM,LMM,3,156,Likely Benign
TTN,c.53260T>C,DCM,LMM,1,156,VUS - 3
TTN,c.54091A>G,DCM,LMM,1,156,VUS - 4
TTN,c.54167G>A,DCM,LMM,1,156,VUS - 4
TTN,c.54490T>C,DCM,LMM,1,156,VUS - 4
TTN,c.54685G>A,DCM,LMM,1,156,VUS - 4
TTN,c.55139T>C,DCM,LMM,1,156,VUS - 4
TTN,c.55553A>G,DCM,LMM,1,156,Likely Benign
TTN,c.55925T>A,DCM,LMM,2,156,VUS - 3
TTN,c.57415A>C,DCM,LMM,1,156,VUS - 4
TTN,c.57478G>A,DCM,LMM,1,156,VUS - 3
TTN,c.58684A>G,DCM,LMM,1,156,VUS - 3
TTN,c.58705G>A,DCM,LMM,1,156,VUS - 4
TTN,c.58982G>A,DCM,LMM,1,156,VUS - 4
TTN,c.60721G>C,DCM,LMM,1,156,VUS - 3
TTN,c.61922G>A,DCM,LMM,1,156,Likely Benign
TTN,c.62290G>C,DCM,LMM,1,156,VUS - 4
TTN,c.62780G>A,DCM,LMM,1,156,VUS - 4
TTN,c.63632T>C,DCM,LMM,1,156,VUS - 4
TTN,c.64174C>T,DCM,LMM,1,156,VUS - 3
TTN,c.64789G>A,DCM,LMM,2,156,VUS - 3
TTN,c.64903C>T,DCM,LMM,1,156,VUS - 4
TTN,c.66391A>G,DCM,LMM,1,156,VUS - 4
TTN,c.66898G>A,DCM,LMM,1,156,VUS - 3
TTN,c.66977A>G,DCM,LMM,1,156,Likely Benign
TTN,c.67147G>A,DCM,LMM,1,156,VUS - 4
TTN,c.68272G>A,DCM,LMM,1,156,VUS - 4
TTN,c.69676A>G,DCM,LMM,2,156,Likely Benign
TTN,c.69821G>A,DCM,LMM,1,156,VUS - 3
TTN,c.70181C>T,DCM,LMM,1,156,VUS - 4
TTN,c.70832C>T,DCM,LMM,1,156,Likely Benign
TTN,c.71705T>C,DCM,LMM,1,156,Likely Benign
TTN,c.72182T>C,DCM,LMM,1,156,VUS - 3
TTN,c.72379G>A,DCM,LMM,1,156,VUS - 4
TTN,c.72488G>A,DCM,LMM,1,156,VUS - 4
TTN,c.72931A>G,DCM,LMM,1,156,Likely Benign
TTN,c.72985A>G,DCM,LMM,1,156,VUS - 4
TTN,c.73168A>G,DCM,LMM,1,156,Likely Benign
TTN,c.74527A>G,DCM,LMM,1,156,VUS - 4
TTN,c.74891C>T,DCM,LMM,1,156,Likely Benign
TTN,c.76673A>T,DCM,LMM,1,156,VUS - 4
TTN,c.76739C>T,DCM,LMM,1,156,VUS - 3
TTN,c.77813G>C,DCM,LMM,1,156,VUS - 4
TTN,c.77816A>C,DCM,LMM,1,156,VUS - 4
TTN,c.77848C>T,DCM,LMM,1,156,VUS - 4
TTN,c.78980G>A,DCM,LMM,1,156,VUS - 4
TTN,c.80425G>A,DCM,LMM,1,156,VUS - 4
TTN,c.80608C>A,DCM,LMM,1,156,VUS - 4
TTN,c.80701A>G,DCM,LMM,1,156,VUS - 3
TTN,c.80983G>A,DCM,LMM,1,156,VUS - 4
TTN,c.82081C>G,DCM,LMM,1,156,Likely Benign
TTN,c.82489G>A,DCM,LMM,1,156,VUS - 3
TTN,c.82560C>A,DCM,LMM,2,156,VUS - 3
TTN,c.84523T>C,DCM,LMM,1,156,VUS - 4
TTN,c.84923A>C,DCM,LMM,1,156,VUS - 4
TTN,c.85195G>A,DCM,LMM,1,156,VUS - 4
TTN,c.87623A>T,DCM,LMM,1,156,VUS - 4
TTN,c.87808G>A,DCM,LMM,1,156,VUS - 3
TTN,c.87877C>T,DCM,LMM,2,156,Likely Benign
TTN,c.88721G>A,DCM,LMM,1,156,VUS - 4
TTN,c.89766G>C,DCM,LMM,1,156,VUS - 4
TTN,c.89947G>A,DCM,LMM,1,156,VUS - 4
TTN,c.90536G>A,DCM,LMM,2,156,VUS - 3
TTN,c.90826T>G,DCM,LMM,2,156,VUS - 3
TTN,c.91478A>G,DCM,LMM,1,156,VUS - 4
TTN,c.91765G>A,DCM,LMM,2,156,VUS - 3
TTN,c.92176C>T,DCM,LMM,1,156,VUS - 3
TTN,c.93472G>C,DCM,LMM,1,156,VUS - 4
TTN,c.93968C>T,DCM,LMM,1,156,VUS - 4
TTN,c.94629A>G,DCM,LMM,1,156,VUS - 4
TTN,c.94851T>A,DCM,LMM,2,156,Likely Benign
TTN,c.95297C>T,DCM,LMM,2,156,VUS - 3
TTN,c.96098G>A,DCM,LMM,1,156,Likely Benign
TTN,c.96140C>T,DCM,LMM,1,156,VUS - 4
TTN,c.96286G>A,DCM,LMM,1,156,VUS - 4
TTN,c.96998G>A,DCM,LMM,1,156,Likely Benign
TTN,c.97099C>T,DCM,LMM,1,156,VUS - 4
TTN,c.98243G>A,DCM,LMM,1,156,VUS - 4
TTN,c.98294C>G,DCM,LMM,1,156,Likely Benign
TTN,c.98296G>T,DCM,LMM,1,156,VUS - 4
TTN,c.98726T>C,DCM,LMM,1,156,VUS - 4
TTN,c.98809A>G,DCM,LMM,1,156,VUS - 4
TTN,c.99434G>A,DCM,LMM,1,156,VUS - 4
TTN,c.99814C>T,DCM,LMM,1,156,VUS - 4
TTN,c.99830G>A,DCM,LMM,1,156,VUS - 4
TTN,c.99991T>C,DCM,LMM,1,156,Likely Benign
TTN,c.101212C>T,DCM,LMM,1,156,Likely Benign
TTN,c.101665G>A,DCM,LMM,1,156,Likely Benign
TTN,c.101891G>A,DCM,LMM,2,156,VUS - 3
TTN,c.102428T>C,DCM,LMM,1,156,VUS - 4
TTN,c.102595A>G,DCM,LMM,2,156,VUS - 3
TTN,c.102638A>G,DCM,LMM,1,156,VUS - 4
TTN,c.102737G>A,DCM,LMM,1,156,VUS - 4
TTN,c.103363C>T,DCM,LMM,1,156,Likely Benign
TTN,c.104365G>A,DCM,LMM,1,156,Likely Benign
TTN,c.104560G>C,DCM,LMM,3,156,Likely Benign
TTN,c.105260C>T,DCM,LMM,1,156,VUS - 4
TTN,c.105590G>A,DCM,LMM,1,156,VUS - 4
TTN,c.105630A>C,DCM,LMM,1,156,VUS - 4
TTN,c.106787C>T,DCM,LMM,2,156,Likely Benign
TTN,c.107285G>A,DCM,LMM,1,156,VUS - 4
TTN,c.107605A>G,DCM,LMM,1,156,VUS - 3
TTN,c.15369_15371delGTT,DCM,LMM,1,156,VUS - favor pathogenic
TTN,c.33513_33515dupAGA,DCM,LMM,4,156,VUS - 4
TTN,c.39749_39766delTTGCTCCTGAAGAGGAAA,DCM,LMM,1,156,VUS - 3
